Product_category,Description,Price,Image
Electric Kettle,BRAUN KETTLE WK-3000WH,"5,500",//cdn.shopify.com/s/files/1/0522/2357/4165/products/AFP-000260021_250x250_crop_center.png?v=1617868120
Electric Kettle,WEST POINT KETTLE 8269,"3,900",//cdn.shopify.com/s/files/1/0522/2357/4165/products/AFP-000302058_250x250_crop_center.png?v=1615552019
Electric Kettle,CAMRY TRAVEL KETTLE CR1265,"6,800",//cdn.shopify.com/s/files/1/0522/2357/4165/products/AFP-000297346_250x250_crop_center.png?v=1615551952
Electric Kettle,DSP ELECTRIC KETTLE IR KK1114,"4,900",//cdn.shopify.com/s/files/1/0522/2357/4165/products/afp-000279888_250x250_crop_center.png?v=1615551884
Electric Kettle,SENCOR KETTLE SWK 34RD,"4,900",//cdn.shopify.com/s/files/1/0522/2357/4165/products/afp-000231665_250x250_crop_center.png?v=1615551736
Electric Kettle,MIDEA ELECTRIC KETTLE IR H415E2J,"5,400",//cdn.shopify.com/s/files/1/0522/2357/4165/products/afp-000129270_250x250_crop_center.png?v=1615551638
Electric Kettle,MOULINEX KETTLE BY550D10,"6,900",//cdn.shopify.com/s/files/1/0522/2357/4165/products/AFP-000302647_250x250_crop_center.png?v=1615030577
Electric Kettle,PHILIPS KETTLE HD9350 BASIC,"6,900",//cdn.shopify.com/s/files/1/0522/2357/4165/products/AFP-000177854_cf63cb93-b81c-4abf-aeed-6b6af459f9df_250x250_crop_center.png?v=1615030511
Electric Kettle,PHILIPS KETTLE HD9306 PC,"5,900",//cdn.shopify.com/s/files/1/0522/2357/4165/products/AFP-000103823_bfcfe3ef-8cbf-4644-ae85-6c3d56422435_250x250_crop_center.png?v=1615030499
Electric Kettle,ZOBON KETTLE IR K55,"5,200",//cdn.shopify.com/s/files/1/0522/2357/4165/products/WhatsApp-Image-2020-08-24-at-12.42.53-PM_250x250_crop_center.jpg?v=1614164355
Electric Kettle,MY LONG HEAT KETTLE MY-2201 IR 579-523,"3,500",//cdn.shopify.com/s/files/1/0522/2357/4165/products/14-8_250x250_crop_center.jpg?v=1614164053
Electric Kettle,LONGJI ELECTRIC KETTLE LJ-8817,"4,900",//cdn.shopify.com/s/files/1/0522/2357/4165/products/alfatah-Islamabad-03-8_250x250_crop_center.jpg?v=1614163340
Electric Kettle,DELONGHI KETTLE 3001B PC,"26,900",//cdn.shopify.com/s/files/1/0522/2357/4165/products/WhatsApp-Image-2020-10-30-at-2.57.36-PM_250x250_crop_center.jpg?v=1614163335
Electric Kettle,PRESTIGE MULTI PURPOSE KETTLE 54935,"6,500",//cdn.shopify.com/s/files/1/0522/2357/4165/products/IMG-20200318-WA0115_250x250_crop_center.jpg?v=1614162706
Electric Kettle,WEST POINT MULTI FUNCTION KETTLE 6175,"4,400",//cdn.shopify.com/s/files/1/0522/2357/4165/products/WhatsApp-Image-2020-11-27-at-2.52.56-PM_250x250_crop_center.jpg?v=1614162704
Electric Kettle,MY LONG HEAT KETTLE MY-2201 IR 579-523,"3,500",//cdn.shopify.com/s/files/1/0522/2357/4165/products/IMG-20200318-WA0117_250x250_crop_center.jpg?v=1614162702
Coffee maker,DELONGHI COFFEE MAKER EC9335.M,"195,000",//cdn.shopify.com/s/files/1/0522/2357/4165/products/WhatsApp-Image-2020-09-04-at-7.03.09-PM_250x250_crop_center.jpg?v=1614157934
Electric Kettle,CROWNLINE KETTLE KT188,"14,900",//cdn.shopify.com/s/files/1/0522/2357/4165/products/WhatsApp-Image-2020-08-24-at-12.53.43-PM_250x250_crop_center.jpg?v=1614157897
Electric Kettle,SUPOR ELECTRIC KETTLE 17S21A BASIC,"6,900",//cdn.shopify.com/s/files/1/0522/2357/4165/products/WhatsApp-Image-2020-11-05-at-5.21.01-PM_250x250_crop_center.jpg?v=1614155780
Electric Kettle,KENWOOD KETTLE ZJP01,"5,000",//cdn.shopify.com/s/files/1/0522/2357/4165/products/WhatsApp-Image-2020-11-05-at-5.21.25-PM_250x250_crop_center.jpg?v=1614155779
Electric Kettle,SINBO CORDLESS KETTLE SK7345,"3,500",//cdn.shopify.com/s/files/1/0522/2357/4165/products/WhatsApp-Image-2020-11-05-at-5.23.27-PM_250x250_crop_center.jpg?v=1614155778
Electric Kettle,PHILIPS KETTLE HD4646,"5,900",//cdn.shopify.com/s/files/1/0522/2357/4165/products/WhatsApp-Image-2020-11-05-at-5.24.14-PM_250x250_crop_center.jpg?v=1614155776
Coffee maker,ARSHIA COFFEE GRINDER MC1332182 BASIC,"6,900",//cdn.shopify.com/s/files/1/0522/2357/4165/products/WhatsApp-Image-2020-11-26-at-5.52.01-PM_250x250_crop_center.jpg?v=1614155270
Coffee maker,MOULINEX COFFEE GRINDER MC300132,"3,900",//cdn.shopify.com/s/files/1/0522/2357/4165/products/WhatsApp-Image-2020-11-26-at-5.52.59-PM_250x250_crop_center.jpg?v=1614155268
Electric Kettle,SHARP KETTLE EKJM41S3,"6,300",//cdn.shopify.com/s/files/1/0522/2357/4165/products/WhatsApp-Image-2020-12-03-at-4.55.49-PM_250x250_crop_center.jpg?v=1614155138
Electric Kettle,PHILIPS KETTLE HD9357,"15,900",//cdn.shopify.com/s/files/1/0522/2357/4165/products/WhatsApp-Image-2020-12-03-at-5.04.13-PM_250x250_crop_center.jpg?v=1614155129
Coffee maker,DELONGHI COFFEE MAKER ECAM44.660.B,"215,000",//cdn.shopify.com/s/files/1/0522/2357/4165/products/WhatsApp-Image-2020-12-24-at-3.27.09-PM_250x250_crop_center.jpg?v=1614153957
Coffee maker,LELIT MARA COFFEE MACHINE PL62,"390,000",//cdn.shopify.com/s/files/1/0522/2357/4165/products/WhatsApp-Image-2020-12-24-at-3.30.08-PM_250x250_crop_center.jpg?v=1614153952
Electric Kettle,WHISTLING KETTLE LIFE SMILE TK3-6N,"3,395",//cdn.shopify.com/s/files/1/0522/2357/4165/products/WhatsApp-Image-2020-12-29-at-12.48.47-PM_250x250_crop_center.jpg?v=1614153813
Electric Kettle,WHISTLING KETTLE LIFE SMILE TK3-6NS,"2,995",//cdn.shopify.com/s/files/1/0522/2357/4165/products/WhatsApp-Image-2020-12-29-at-12.49.00-PM_250x250_crop_center.jpg?v=1614153811
Electric Kettle,WHISTLING KETTLE LIFE SMILE TK3-6N,"3,395",//cdn.shopify.com/s/files/1/0522/2357/4165/products/WhatsApp-Image-2020-12-29-at-12.49.47-PM_250x250_crop_center.jpg?v=1614153809
Electric Kettle,KETTLE STEEL 4 LTR IR 0057,"2,195",//cdn.shopify.com/s/files/1/0522/2357/4165/products/WhatsApp-Image-2020-12-29-at-12.53.39-PM_250x250_crop_center.jpg?v=1614153805
Electric Kettle,BLACK & DECKER KETTLE JC250 PC,"5,900",//cdn.shopify.com/s/files/1/0522/2357/4165/products/WhatsApp-Image-2020-12-29-at-5.25.39-PM_250x250_crop_center.jpg?v=1614153778
Electric Kettle,SANFORD ELECTRIC KETTLE 1.7 LTR SF1851EK,"3,400",//cdn.shopify.com/s/files/1/0522/2357/4165/products/WhatsApp-Image-2021-01-08-at-1.15.40-PM_250x250_crop_center.jpg?v=1614153380
Electric Kettle,MIDEA KETTLE MKHT1705B,"8,900",//cdn.shopify.com/s/files/1/0522/2357/4165/products/WhatsApp-Image-2021-01-08-at-1.18.32-PM_250x250_crop_center.jpg?v=1614153379
Electric Kettle,BERGAMO KETTLE 2441GG,"4,500",//cdn.shopify.com/s/files/1/0522/2357/4165/products/AFP-000309026_250x250_crop_center.png?v=1614153010
Electric Kettle,AKAI KETTLE 818SSN,"4,900",//cdn.shopify.com/s/files/1/0522/2357/4165/products/AFP-000309034_250x250_crop_center.png?v=1614152973
Electric Kettle,SHARP KETTLE EKJ156-3,"6,700",//cdn.shopify.com/s/files/1/0522/2357/4165/products/AFP-000310742_b10d2a0d-281a-473d-8b78-c1786b1589ec_250x250_crop_center.png?v=1615552055
Coffee maker,SENCOR COFFEE MAKER SCE5000BK,"8,400",//cdn.shopify.com/s/files/1/0522/2357/4165/products/WhatsApp-Image-2021-01-14-at-9.55.45-AM_250x250_crop_center.jpg?v=1614152894
Coffee maker,DELONGHI COFFEE MAKER ECAM45.760W,"214,900",//cdn.shopify.com/s/files/1/0522/2357/4165/products/WhatsApp-Image-2021-01-14-at-9.58.59-AM_250x250_crop_center.jpg?v=1614152891
Coffee maker,SAGE COFFEE MAKER SES878BTR,"219,000",//cdn.shopify.com/s/files/1/0522/2357/4165/products/WhatsApp-Image-2021-01-14-at-10.01.57-AM_250x250_crop_center.jpg?v=1614152888
Electric Kettle,BERGAMO KETTLE 2441TSP,"4,500",//cdn.shopify.com/s/files/1/0522/2357/4165/products/AFP-000309029_250x250_crop_center.png?v=1614148929
Electric Kettle,CROWN LINE ELECTRIC KETTLE KT-158,"6,500",//cdn.shopify.com/s/files/1/0522/2357/4165/products/AFP-000309104_250x250_crop_center.png?v=1614148922
Electric Kettle,ARSHIA ELECTRIC KETTLE EK14012253,"4,500",//cdn.shopify.com/s/files/1/0522/2357/4165/products/AFP-000310715_2b44b69c-e6c3-4dd9-a4e3-c420d135b5dc_250x250_crop_center.png?v=1615552053
Electric Kettle,SHARP KETTLE EXJX43-53,"7,900",//cdn.shopify.com/s/files/1/0522/2357/4165/products/AFP-000310743_5f09ccc5-fff9-4394-b1de-7c121a6d6795_250x250_crop_center.png?v=1615552057
Electric Kettle,MIDEA KETTLE MK17S32A,"4,200",//cdn.shopify.com/s/files/1/0522/2357/4165/products/AFP-000312075_52fe37d0-be58-4733-b44d-781b855070ed_250x250_crop_center.png?v=1615552088
Electric Kettle,SENCOR ELECTRIC KETTLE SWK1778BK,"7,900",//cdn.shopify.com/s/files/1/0522/2357/4165/products/AFP-000317750_250x250_crop_center.png?v=1614147617
Coffee maker,SENCOR COFFEE MAKER SCE2000BK,"5,500",//cdn.shopify.com/s/files/1/0522/2357/4165/products/AFP-000317753_250x250_crop_center.png?v=1614147610
Electric Kettle,CAMBRIDGE ELECTRIC KETTLE SK9789,"3,500",//cdn.shopify.com/s/files/1/0522/2357/4165/products/AFP-000318331_250x250_crop_center.png?v=1614147582
Coffee maker,CAMBRIDGE COFFEE GRINDER CG502,"5,900",//cdn.shopify.com/s/files/1/0522/2357/4165/products/AFP-000318333_250x250_crop_center.png?v=1614147577
Coffee maker,WEST POINT COFFEE GRINDER 9224,"5,500",//cdn.shopify.com/s/files/1/0522/2357/4165/products/AFP-000319376_250x250_crop_center.png?v=1614147551
Coffee maker,GEEPAS COFFEE MAKER GCM6108,"20,900",//cdn.shopify.com/s/files/1/0522/2357/4165/products/AFP-000320651_250x250_crop_center.png?v=1614147520
Vacuum cleaner,PHILIPS VACUUM CLEANER FC9350 BASIC,"18,900",//cdn.shopify.com/s/files/1/0522/2357/4165/products/AFP-000205016_250x250_crop_center.jpg?v=1614147487
Vacuum cleaner,SMART RECHARGEABLE SHAWER GFSC1OR BASIC,"16,900",//cdn.shopify.com/s/files/1/0522/2357/4165/products/afp-000014153_250x250_crop_center.png?v=1615551449
Vacuum cleaner,ARSHIA VACUUM CLEANER VC6122604,"16,900",//cdn.shopify.com/s/files/1/0522/2357/4165/products/AFP-000299641_250x250_crop_center.png?v=1615179637
Vacuum cleaner,ARSHIA VACUUM CLEANER VC6122602,"15,900",//cdn.shopify.com/s/files/1/0522/2357/4165/products/AFP-000299642_250x250_crop_center.png?v=1615179639
Vacuum cleaner,PANASONIC VACUUM CLEANER 711 PC,"22,900",//cdn.shopify.com/s/files/1/0522/2357/4165/products/AFP-000107173_c800b538-e5f2-4590-8b6a-2441b58c1436_250x250_crop_center.png?v=1615551591
Vacuum cleaner,HITACHI VACUUM CLEANER CV960,"23,900",//cdn.shopify.com/s/files/1/0522/2357/4165/products/34-1_250x250_crop_center.jpg?v=1614164349
Vacuum cleaner,PANASONIC VACCUM CLEANER MC690,"19,900",//cdn.shopify.com/s/files/1/0522/2357/4165/products/alfatah-Islamabad-24-5_250x250_crop_center.jpg?v=1614162920
Vacuum cleaner,HITACHI VACUUM CLEANER CV-950F,"22,900",//cdn.shopify.com/s/files/1/0522/2357/4165/products/alfatah-Islamabad-21-4_250x250_crop_center.jpg?v=1614162919
Vacuum cleaner,PALSON VACUUM CLEANER 30970,"16,900",//cdn.shopify.com/s/files/1/0522/2357/4165/products/IMG-20200415-WA0041_250x250_crop_center.jpg?v=1614161881
Vacuum cleaner,RUSSEL HOBBS VACUUM CLEANER K403-2,"19,900",//cdn.shopify.com/s/files/1/0522/2357/4165/products/IMG-20200415-WA0072_250x250_crop_center.jpg?v=1614161880
Vacuum cleaner,PANASONIC VACUUM CLEANER CG521 PC,"18,900",//cdn.shopify.com/s/files/1/0522/2357/4165/products/IMG-20200416-WA0062_250x250_crop_center.jpg?v=1614161804
Vacuum cleaner,TEFAL VACUUM CLEANER TW3724HA,"17,900",//cdn.shopify.com/s/files/1/0522/2357/4165/products/IMG-20200416-WA0058_250x250_crop_center.jpg?v=1614161797
Vacuum cleaner,SHARP VACUUM CLEANER ECCA2422,"22,900",//cdn.shopify.com/s/files/1/0522/2357/4165/products/AFP-000309116_dfeeebd9-c614-4030-9331-09934881e3df_250x250_crop_center.png?v=1615552048
Vacuum cleaner,DAEWOO VACUUM CLEANER RCG110,"13,900",//cdn.shopify.com/s/files/1/0522/2357/4165/products/AFP-000310861_5f65749b-ff97-468a-98e8-2577ae5da172_250x250_crop_center.png?v=1615552066
Vacuum cleaner,SAMSUNG VACUUM CLEANER SC20M2510 BASIC,"18,900",//cdn.shopify.com/s/files/1/0522/2357/4165/products/AFP-000176548_250x250_crop_center.jpg?v=1614147494
Electric shaver,PHILIPS TRIMMER ONE BLADE QP2520/20,"5,900",//cdn.shopify.com/s/files/1/0522/2357/4165/products/AFP-000318302_250x250_crop_center.png?v=1614147584
Electric shaver,PHILIPS NOSE TRIMMER NT1650/16,"2,500",//cdn.shopify.com/s/files/1/0522/2357/4165/products/AFP-000317746_250x250_crop_center.png?v=1614147621
Electric shaver,PRITECH MEN BEARD TRIMMER PR2308,"2,500",//cdn.shopify.com/s/files/1/0522/2357/4165/products/AFP-000302051_250x250_crop_center.png?v=1615552061
Electric shaver,REMINGTON TRIMMER MB4200 BASIC,"6,800",//cdn.shopify.com/s/files/1/0522/2357/4165/products/afp-000169450_250x250_crop_center.png?v=1615552074
Electric shaver,GEEPAS TRIMMER GTR56023,"3,400",//cdn.shopify.com/s/files/1/0522/2357/4165/products/AFP-000301654_250x250_crop_center.png?v=1615551806
Electric shaver,PRITECH BEARD TRIMMER PR2358,"2,500",//cdn.shopify.com/s/files/1/0522/2357/4165/products/AFP-000302052_250x250_crop_center.png?v=1615179691
Electric shaver,BRAUN BLACK BEAUTY TRIMMER BT070,"3,500",//cdn.shopify.com/s/files/1/0522/2357/4165/products/AFP-000313447_250x250_crop_center.png?v=1615030588
Electric shaver,SANFORD TRIMMER SF9738HC,"2,900",//cdn.shopify.com/s/files/1/0522/2357/4165/products/IMG-20200422-WA0037_250x250_crop_center.jpg?v=1614161571
Electric shaver,ENZO LADIES SHAVER IR EN5588,"6,500",//cdn.shopify.com/s/files/1/0522/2357/4165/products/WhatsApp-Image-2020-08-07-at-13.33.46_250x250_crop_center.jpg?v=1614158291
Electric shaver,WEST POINT HAIR CLIPPER 6713,"2,900",//cdn.shopify.com/s/files/1/0522/2357/4165/products/WhatsApp-Image-2021-01-12-at-12.31.17-PM_250x250_crop_center.jpg?v=1614152963
Electric shaver,KEMEI TRIMMER PG102,"3,595",//cdn.shopify.com/s/files/1/0522/2357/4165/products/AFP-000310872_e9999a19-3ebb-4182-b74f-5e52d71e5c6b_250x250_crop_center.png?v=1615551888
Electric shaver,WAHL SHAVER AND TRIMMER 9880 PC,"11,900",//cdn.shopify.com/s/files/1/0522/2357/4165/products/afp-000004170_250x250_crop_center.png?v=1615552078
Electric shaver,REMINGTON TRIMMER 4120 BASIC,"3,900",//cdn.shopify.com/s/files/1/0522/2357/4165/products/afp-000133517_250x250_crop_center.png?v=1615552070
Electric shaver,WEST POINT HAIR CLIPPER 6813,"3,500",//cdn.shopify.com/s/files/1/0522/2357/4165/products/AFP-000302054_250x250_crop_center.png?v=1615552081
Electric shaver,REMINGTON TRIMMER 4128,"7,500",//cdn.shopify.com/s/files/1/0522/2357/4165/products/afp-000273501_250x250_crop_center.png?v=1615552071
Electric shaver,PRITECH HAIR TRIMMER RECHARGEABLE PR2212,"5,200",//cdn.shopify.com/s/files/1/0522/2357/4165/products/AFP-000302050_250x250_crop_center.png?v=1615552059
Electric shaver,BRAUN FOIL 31B BASIC,"5,500",//cdn.shopify.com/s/files/1/0522/2357/4165/products/afp-000075137_250x250_crop_center.png?v=1615551649
Electric shaver,BRAUN FOIL 11B BASIC,"2,900",//cdn.shopify.com/s/files/1/0522/2357/4165/products/afp-000075135_250x250_crop_center.png?v=1615551510
Electric shaver,PRITECH HAIR CLIPPER PR2494,"3,200",//cdn.shopify.com/s/files/1/0522/2357/4165/products/AFP-000302046_250x250_crop_center.png?v=1615179689
Electric shaver,PHILIPS SHAVER S1121,"8,900",//cdn.shopify.com/s/files/1/0522/2357/4165/products/AFP-000310769_250x250_crop_center.png?v=1615030579
Electric shaver,REMINGTON TRIMMER 180 PC,"3,600",//cdn.shopify.com/s/files/1/0522/2357/4165/products/51-1_250x250_crop_center.jpg?v=1614163623
Electric shaver,REMINGTON NOSE TRIMMER NE3850 BASIC,"2,800",//cdn.shopify.com/s/files/1/0522/2357/4165/products/52-1-1_250x250_crop_center.jpg?v=1614163621
Electric shaver,CHAOBO SHAVER IR RSCX3300,"2,900",//cdn.shopify.com/s/files/1/0522/2357/4165/products/WhatsApp-Image-2020-12-02-at-11.36.35-AM_250x250_crop_center.jpg?v=1614163422
Electric shaver,PANASONIC BEARD TRIMMER ER-GD 40-K BASIC,"11,500",//cdn.shopify.com/s/files/1/0522/2357/4165/products/alfatah-Islamabad-33-3_250x250_crop_center.jpg?v=1614163421
Electric shaver,GEMEI TRIMMER GM-6066 BASIC,"3,595",//cdn.shopify.com/s/files/1/0522/2357/4165/products/alfatah-Islamabad-21-10_250x250_crop_center.jpg?v=1614163037
Electric shaver,GEMEI TRIMMER GM-793 BASIC,"2,995",//cdn.shopify.com/s/files/1/0522/2357/4165/products/WhatsApp-Image-2020-12-02-at-11.33.37-AM_250x250_crop_center.jpg?v=1614163036
Electric shaver,ROZIA BEAUTY GROOMING IR HB6008,"3,900",//cdn.shopify.com/s/files/1/0522/2357/4165/products/WhatsApp-Image-2020-12-02-at-11.35.47-AM_250x250_crop_center.jpg?v=1614163035
Electric shaver,PANASONIC TRIMMER ER240,"3,900",//cdn.shopify.com/s/files/1/0522/2357/4165/products/IMG-20200617-WA0016_250x250_crop_center.jpg?v=1614159756
Electric shaver,ROZIA PRO TRIMMER IR HQ9531B,"3,900",//cdn.shopify.com/s/files/1/0522/2357/4165/products/WhatsApp-Image-2020-08-13-at-7.09.12-PM_250x250_crop_center.jpg?v=1614158109
Electric shaver,GEEMY TRIMMER IR GM-6012,"1,395",//cdn.shopify.com/s/files/1/0522/2357/4165/products/WhatsApp-Image-2020-08-13-at-7.07.39-PM_250x250_crop_center.jpg?v=1614158107
Electric shaver,REMINGTON TRIMMER MB320C,"6,200",//cdn.shopify.com/s/files/1/0522/2357/4165/products/WhatsApp-Image-2020-09-03-at-6.57.42-PM_250x250_crop_center.jpg?v=1614157489
Electric shaver,PHILIPS SHAVER S5050 BASIC,"11,900",//cdn.shopify.com/s/files/1/0522/2357/4165/products/WhatsApp-Image-2020-09-03-at-7.07.11-PM_250x250_crop_center.jpg?v=1614157479
Electric shaver,KEMEI TRIMMER IR KM1913,"2,900",//cdn.shopify.com/s/files/1/0522/2357/4165/products/WhatsApp-Image-2020-12-29-at-5.28.09-PM_250x250_crop_center.jpg?v=1614153775
Electric shaver,KEMEI HAIR CLIPPER KM5021,"2,695",//cdn.shopify.com/s/files/1/0522/2357/4165/products/WhatsApp-Image-2021-01-12-at-12.25.50-PM_250x250_crop_center.jpg?v=1614152970
Electric shaver,PRITECH HAIR CLIPPER PR2238,"2,800",//cdn.shopify.com/s/files/1/0522/2357/4165/products/WhatsApp-Image-2021-01-12-at-12.29.29-PM_250x250_crop_center.jpg?v=1614152964
Electric shaver,PRITECH BLADE TRIMMER PR2606,"2,400",//cdn.shopify.com/s/files/1/0522/2357/4165/products/WhatsApp-Image-2021-01-12-at-12.32.00-PM_250x250_crop_center.jpg?v=1614152961
Electric shaver,KEMEI HAIR CLIPPER KM8509,"3,795",//cdn.shopify.com/s/files/1/0522/2357/4165/products/AFP-000310870_aa998cc7-ceb0-42c4-8093-77750d7b5a3f_250x250_crop_center.png?v=1615551861
Electric shaver,KEMEI HAIR CLIPPER KM9160,"6,195",//cdn.shopify.com/s/files/1/0522/2357/4165/products/AFP-000310869_5fb792dc-1a6c-4c4d-baa2-29860540fcd2_250x250_crop_center.png?v=1615551863
Electric shaver,BRAUN BEAUTY SET 5 5875,"23,900",//cdn.shopify.com/s/files/1/0522/2357/4165/products/AFP-000313444_250x250_crop_center.jpg?v=1614149236
Electric shaver,PHILIPS SHAVER S6630,"31,900",//cdn.shopify.com/s/files/1/0522/2357/4165/products/AFP-000310766_93436401-5f2d-4d47-8d5d-70cd14b52535_250x250_crop_center.png?v=1615552014
Electric shaver,BABYLISS SHAVER T800E,"6,195",//cdn.shopify.com/s/files/1/0522/2357/4165/products/AFP-000310878_5c01918b-d08c-44c0-a2de-8e3d2c2307d6_250x250_crop_center.png?v=1615551506
Electric shaver,BABYLISS NOSE TRIMMER E650E,"3,295",//cdn.shopify.com/s/files/1/0522/2357/4165/products/AFP-000310880_1cbbce9b-783c-48bd-b74a-22e7d775ca09_250x250_crop_center.png?v=1615551447
Hair dryer,REMINGTON STRAIGHTENER S8540,"8,400",//cdn.shopify.com/s/files/1/0522/2357/4165/products/alfatah-Islamabad-80_250x250_crop_center.jpg?v=1614163132
Hair dryer,REMINGTON CURLER CI5538,"5,900",//cdn.shopify.com/s/files/1/0522/2357/4165/products/alfatah-Islamabad-14-4_250x250_crop_center.jpg?v=1614163121
Hair dryer,REMINGTON HAIR DRYER 2400 PC,"4,000",//cdn.shopify.com/s/files/1/0522/2357/4165/products/WhatsApp-Image-2021-01-04-at-4.07.47-PM_250x250_crop_center.jpg?v=1614153518
Hair dryer,KEMEI CURLY HAIR STRAIGHTENER 2209 BASIC,"2,400",//cdn.shopify.com/s/files/1/0522/2357/4165/products/WhatsApp-Image-2020-08-10-at-14.18.40_250x250_crop_center.jpg?v=1614163119
Hair dryer,REMINGTON HAIR DRYER D3015 PC,"5,200",//cdn.shopify.com/s/files/1/0522/2357/4165/products/WhatsApp-Image-2021-01-29-at-3.40.27-PM_250x250_crop_center.jpg?v=1614151623
Hair dryer,REMINGTON HAIR STRAIGHTENER S1A100,"4,500",//cdn.shopify.com/s/files/1/0522/2357/4165/products/WhatsApp-Image-2021-01-29-at-3.43.22-PM_250x250_crop_center.jpg?v=1614151610
Hair dryer,REMINGTON HAIR STRAIGHTENER SI1450 BASIC,"3,900",//cdn.shopify.com/s/files/1/0522/2357/4165/products/WhatsApp-Image-2020-10-29-at-6.41.22-PM_250x250_crop_center.jpg?v=1614163387
Hair dryer,REMINGTON HAIR STRAIGHTNER 7300 BASIC,"7,200",//cdn.shopify.com/s/files/1/0522/2357/4165/products/WhatsApp-Image-2020-10-12-at-12.17.26-PM_250x250_crop_center.jpg?v=1614163143
Hair dryer,REMINGTON CURLER PRO SPIRAL C15519,"5,400",//cdn.shopify.com/s/files/1/0522/2357/4165/products/alfatah-Islamabad-13-4_250x250_crop_center.jpg?v=1614163126
Hair dryer,ROZIA HAIR CURLER IR HR772,"3,500",//cdn.shopify.com/s/files/1/0522/2357/4165/products/WhatsApp-Image-2020-10-12-at-12.36.01-PM_250x250_crop_center.jpg?v=1614163046
Hair dryer,REMINGTON HAIR DRYER 1500 BASIC,"4,200",//cdn.shopify.com/s/files/1/0522/2357/4165/products/WhatsApp-Image-2021-01-04-at-4.09.11-PM_250x250_crop_center.jpg?v=1614153517
Hair dryer,REMINGTON HAIR DRYER 6090 BASIC,"5,200",//cdn.shopify.com/s/files/1/0522/2357/4165/products/WhatsApp-Image-2021-01-04-at-4.04.38-PM_250x250_crop_center.jpg?v=1614153515
Hair dryer,REMINGTON DUAL CURL CI63EI BASIC,"6,900",//cdn.shopify.com/s/files/1/0522/2357/4165/products/WhatsApp-Image-2021-01-29-at-3.46.01-PM_250x250_crop_center.jpg?v=1614151631
Hair dryer,SIEMENS HAND DRYER METAL TH92001,"15,900",//cdn.shopify.com/s/files/1/0522/2357/4165/products/AFP-000317222_250x250_crop_center.png?v=1614147645
Hair dryer,ENZO HAIR STRAIGHTENER 3843 IR 604-607,"4,000",//cdn.shopify.com/s/files/1/0522/2357/4165/products/afp-000250382_250x250_crop_center.png?v=1615551793
Hair dryer,ENZO HAIR DRYER 6115 IR 562-566,"4,900",//cdn.shopify.com/s/files/1/0522/2357/4165/products/afp-000250371_250x250_crop_center.png?v=1615551791
Hair dryer,REMINGTON PEARL WAND C195 PC,"5,600",//cdn.shopify.com/s/files/1/0522/2357/4165/products/afp-000127708_250x250_crop_center.png?v=1615551630
Hair dryer,ENZO HAIR STRAIGHTENER IR EN5111H,"4,900",//cdn.shopify.com/s/files/1/0522/2357/4165/products/AFP-000226251_6e846d0b-60da-4e52-9c84-0b510606f19e_250x250_crop_center.png?v=1615030520
Hair dryer,REMINGTON STRAIGT BRUUSH 7400 BASIC,"7,400",//cdn.shopify.com/s/files/1/0522/2357/4165/products/47-2_250x250_crop_center.jpg?v=1614167805
Hair dryer,ENZO HAIR STRAIGHTENER 5118 IR 597-596,"6,500",//cdn.shopify.com/s/files/1/0522/2357/4165/products/WhatsApp-Image-2020-12-02-at-11.42.51-AM_250x250_crop_center.jpg?v=1614164552
Hair dryer,SASSON HAIR STRAIGHTENER BS131,"6,900",//cdn.shopify.com/s/files/1/0522/2357/4165/products/WhatsApp-Image-2020-10-01-at-2.51.11-PM_250x250_crop_center.jpg?v=1614164231
Hair dryer,REMINGTON CURLING ROD CI96 PC,"7,200",//cdn.shopify.com/s/files/1/0522/2357/4165/products/alfatah-Islamabad-79_250x250_crop_center.jpg?v=1614164224
Hair dryer,PANASONIC HAIR STRAIGHTNER HS41,"5,900",//cdn.shopify.com/s/files/1/0522/2357/4165/products/WhatsApp-Image-2020-10-12-at-12.30.13-PM_250x250_crop_center.jpg?v=1614164223
Hair dryer,PANASONIC HAIR STRAIGHTNER HV20 BASIC,"6,900",//cdn.shopify.com/s/files/1/0522/2357/4165/products/19-9_250x250_crop_center.jpg?v=1614164221
Hair dryer,PANASONIC HAIR DRYER NE-71 BASIC,"5,800",//cdn.shopify.com/s/files/1/0522/2357/4165/products/4-4_250x250_crop_center.jpg?v=1614163783
Hair dryer,CONFU HAIR DRYER IR 3127,"6,900",//cdn.shopify.com/s/files/1/0522/2357/4165/products/WhatsApp-Image-2021-01-04-at-4.02.20-PM_250x250_crop_center.jpg?v=1614163140
Hair dryer,PHILIPS HAIR STRAIGHTENER HP8316,"5,900",//cdn.shopify.com/s/files/1/0522/2357/4165/products/IMG-20200702-WA0026_250x250_crop_center.jpg?v=1614163128
Hair dryer,ROZIZ HAIR CURLER IR HR773,"4,900",//cdn.shopify.com/s/files/1/0522/2357/4165/products/WhatsApp-Image-2020-10-12-at-12.37.05-PM_250x250_crop_center.jpg?v=1614163044
Hair dryer,HAND DRYER IR W1-W8,"13,900",//cdn.shopify.com/s/files/1/0522/2357/4165/products/alfatah-Islamabad-30-2_250x250_crop_center.jpg?v=1614162917
Hair dryer,HAND DRYER IR W9-W16,"15,900",//cdn.shopify.com/s/files/1/0522/2357/4165/products/alfatah-Islamabad-29-8_250x250_crop_center.jpg?v=1614162915
Hair dryer,ENZO HAIR CURLER IR EN9105,"5,900",//cdn.shopify.com/s/files/1/0522/2357/4165/products/IMG-20200316-WA0003_250x250_crop_center.jpg?v=1614162718
Hair dryer,PANASONIC HAIR STRAIGHTNER EH HS99,"20,900",//cdn.shopify.com/s/files/1/0522/2357/4165/products/WhatsApp-Image-2020-10-01-at-2.51.16-PM_250x250_crop_center.jpg?v=1614160735
Hair dryer,MAC HAIR CURLER IR MC-3377,"5,900",//cdn.shopify.com/s/files/1/0522/2357/4165/products/WhatsApp-Image-2020-10-12-at-12.34.59-PM_250x250_crop_center.jpg?v=1614160377
Hair dryer,VGR CURLING IRON IR V-528,"4,995",//cdn.shopify.com/s/files/1/0522/2357/4165/products/WhatsApp-Image-2020-10-12-at-12.29.20-PM_250x250_crop_center.jpg?v=1614160373
Hair dryer,PANASONIC HAIR STRAIGHTENING EH-HV51 K,"6,900",//cdn.shopify.com/s/files/1/0522/2357/4165/products/WhatsApp-Image-2020-10-12-at-12.25.38-PM_250x250_crop_center.jpg?v=1614159230
Hair dryer,CARRERA CURLING TONG 537,"13,900",//cdn.shopify.com/s/files/1/0522/2357/4165/products/WhatsApp-Image-2020-10-12-at-12.20.05-PM_250x250_crop_center.jpg?v=1614158605
Hair dryer,LESCOLTON HAIR DRYER IR LS115,"11,900",//cdn.shopify.com/s/files/1/0522/2357/4165/products/WhatsApp-Image-2020-09-08-at-3.01.40-PM_250x250_crop_center.jpg?v=1614157364
Hair dryer,ENZO HAIR STRAIGHTENER 3852 IR 599-603,"4,900",//cdn.shopify.com/s/files/1/0522/2357/4165/products/WhatsApp-Image-2020-12-02-at-11.40.43-AM_250x250_crop_center.jpg?v=1614156211
Hair dryer,PHILIPS HAIR DRYER BHD169/00,"5,500",//cdn.shopify.com/s/files/1/0522/2357/4165/products/WhatsApp-Image-2021-01-29-at-3.38.09-PM_250x250_crop_center.jpg?v=1614151613
Hair dryer,PHILIPS HAIR DRYER BHD029,"4,400",//cdn.shopify.com/s/files/1/0522/2357/4165/products/WhatsApp-Image-2021-01-29-at-3.39.43-PM_250x250_crop_center.jpg?v=1614151612
Hair dryer,SENCOR HAIR DRYER SHD7120WH,"3,900",//cdn.shopify.com/s/files/1/0522/2357/4165/products/AFP-000317751_250x250_crop_center.png?v=1614147615
Hair dryer,SENCOR HAIR DRYER SHD6400B,"2,900",//cdn.shopify.com/s/files/1/0522/2357/4165/products/AFP-000317752_250x250_crop_center.png?v=1614147612
Hair dryer,SONASHI HAIR DRYER SHD3010,"2,900",//cdn.shopify.com/s/files/1/0522/2357/4165/products/AFP-000318392_250x250_crop_center.png?v=1614147576
Hair dryer,SONASHI HAIR DRYER SHD3015,"3,195",//cdn.shopify.com/s/files/1/0522/2357/4165/products/AFP-000318393_250x250_crop_center.png?v=1614147573
Water dispenser,PEL WATER DISPENSER PWDST115,"18,900",//cdn.shopify.com/s/files/1/0522/2357/4165/products/AFP-000321077_250x250_crop_center.png?v=1615362211
Water dispenser,AUX TEA DISPENSER IR 603 BASIC,"5,900",//cdn.shopify.com/s/files/1/0522/2357/4165/products/IMG-20200602-WA0000_250x250_crop_center.jpg?v=1614160383
Water dispenser,AUTOMATIC WATER DISPENSER IR 018,"1,500",//cdn.shopify.com/s/files/1/0522/2357/4165/products/afp-000280367_250x250_crop_center.png?v=1615551896
Water dispenser,HUILE ELECTRIC WATER PUMP IR HL-11,"1,900",//cdn.shopify.com/s/files/1/0522/2357/4165/products/afp-000280384_250x250_crop_center.png?v=1615551898
Water dispenser,HITACHI WATER DISPENSER HWDB3000,"49,900",//cdn.shopify.com/s/files/1/0522/2357/4165/products/IMG-20200425-WA0028_250x250_crop_center.jpg?v=1614161493
Water dispenser,ARSHIA WATER DISPENSER WD1181831,"39,900",//cdn.shopify.com/s/files/1/0522/2357/4165/products/AFP-000033072_250x250_crop_center.png?v=1617106447
Water dispenser,MIDEA WATER DISPENSER YL1675S,"23,900",//cdn.shopify.com/s/files/1/0522/2357/4165/products/AFP-000311482_250x250_crop_center.png?v=1617106429
Water dispenser,MIDEA WATER DISPENSER YK1917SAE,"22,900",//cdn.shopify.com/s/files/1/0522/2357/4165/products/AFP-000312074_250x250_crop_center.png?v=1617106427
Water dispenser,SUPER GENERAL WATER DISPENSER SGL3000TRN,"39,900",//cdn.shopify.com/s/files/1/0522/2357/4165/products/IMG-20200425-WA0003_250x250_crop_center.jpg?v=1614161494
Water dispenser,GRANHOM WATER DISPENSER 100R,"23,900",//cdn.shopify.com/s/files/1/0522/2357/4165/products/IMG-20200630-WA0052_250x250_crop_center.jpg?v=1614160764
Water dispenser,SUPER GENERAL WATER DISPENSER SGL2171K,"42,900",//cdn.shopify.com/s/files/1/0522/2357/4165/products/IMG-20200602-WA0007_250x250_crop_center.jpg?v=1614160394
Water dispenser,CLIKON WATER DISPENSER CK4032,"23,900",//cdn.shopify.com/s/files/1/0522/2357/4165/products/IMG-20200602-WA0009_250x250_crop_center.jpg?v=1614160391
Water dispenser,COURS WATER DISPENSER CWD-1702 BASIC,"21,900",//cdn.shopify.com/s/files/1/0522/2357/4165/products/IMG-20200602-WA0010_250x250_crop_center.jpg?v=1614160389
Water dispenser,GRANHOM WATER DISPENSER 1725R GOLD,"29,900",//cdn.shopify.com/s/files/1/0522/2357/4165/products/IMG-20200630-WA0051_250x250_crop_center.jpg?v=1614159297
Water dispenser,SANFORD WATER FILTER SF8901WP,"23,900",//cdn.shopify.com/s/files/1/0522/2357/4165/products/IMG-20200713-WA0014_250x250_crop_center.jpg?v=1614158968
Juicer,CAMBRIDGE JUICER JE500,"4,900",//cdn.shopify.com/s/files/1/0522/2357/4165/products/Cambridge-Juicer_250x250_crop_center.jpg?v=1614164054
Juicer,KENWOOD BLENDER BSP70.180SI,"14,900",//cdn.shopify.com/s/files/1/0522/2357/4165/products/WhatsApp-Image-2021-01-08-at-1.20.14-PM_250x250_crop_center.jpg?v=1614153376
Juicer,SPECTRA ATTA MACHINE DOUBLE BLADE QK1500,"6,900",//cdn.shopify.com/s/files/1/0522/2357/4165/products/afp-000059745_250x250_crop_center.png?v=1615551491
Juicer,PHILIPS BLENDER HR2056/90 BASIC,"5,900",//cdn.shopify.com/s/files/1/0522/2357/4165/products/AFP-000135650_689ddf9d-0d0c-4362-b618-d45e3e7c6828_250x250_crop_center.png?v=1615030506
Juicer,WEST POINT BLENDER 364,"7,800",//cdn.shopify.com/s/files/1/0522/2357/4165/products/AFP-000319374_250x250_crop_center.png?v=1614147555
Juicer,GEEPAS GRINDER GCG6105,"6,700",//cdn.shopify.com/s/files/1/0522/2357/4165/products/WhatsApp-Image-2020-11-26-at-5.44.32-PM_250x250_crop_center.jpg?v=1614155773
Juicer,PANASONIC JUICER BLENDER MJ-M176P,"16,900",//cdn.shopify.com/s/files/1/0522/2357/4165/products/AFP-000107127_250x250_crop_center.png?v=1615551586
Juicer,WEST POINT BLENDER 9814,"4,200",//cdn.shopify.com/s/files/1/0522/2357/4165/products/WhatsApp-Image-2021-01-26-at-2.06.56-PM_250x250_crop_center.jpg?v=1614151872
Juicer,PHILIPS JUICER HR1836,"14,900",//cdn.shopify.com/s/files/1/0522/2357/4165/products/AFP-000103862_250x250_crop_center.png?v=1617539456
Coffee maker,WEST POINT COFFEE GRINDER WF9225,"5,500",//cdn.shopify.com/s/files/1/0522/2357/4165/products/AFP-000313029_cb59df89-254c-43f7-8e63-7142c1bc2943_250x250_crop_center.png?v=1615552100
Juicer,NOBEL JUICER NJ176G4 BASIC,"8,900",//cdn.shopify.com/s/files/1/0522/2357/4165/products/afp-000051480_250x250_crop_center.png?v=1615551472
Juicer,MOULINEX BLENDER LM241B25,"8,500",//cdn.shopify.com/s/files/1/0522/2357/4165/products/AFP-000321972_250x250_crop_center.png?v=1615030599
Juicer,KENWOOD HAND MIXER HMP30.A0WH,"8,500",//cdn.shopify.com/s/files/1/0522/2357/4165/products/AFP-000314456_250x250_crop_center.png?v=1615030590
Juicer,MORPHY HAND BLENDER 402053EE,"17,900",//cdn.shopify.com/s/files/1/0522/2357/4165/products/45-1_250x250_crop_center.jpg?v=1614164344
Juicer,KENWOOD JUICER EXCEL JE850 PC,"39,900",//cdn.shopify.com/s/files/1/0522/2357/4165/products/9-4_250x250_crop_center.jpg?v=1614163780
Juicer,SONIFER BLENDER IR SF-8016,"8,900",//cdn.shopify.com/s/files/1/0522/2357/4165/products/IMG-20200417-WA0036_250x250_crop_center.jpg?v=1614161720
Juicer,BREVILLE BLENDER BBL620 SIL,"69,900",//cdn.shopify.com/s/files/1/0522/2357/4165/products/IMG-20200514-WA0048_250x250_crop_center.jpg?v=1614160687
Juicer,MOULINEX JUICER PC302B10 BASIC,"5,400",//cdn.shopify.com/s/files/1/0522/2357/4165/products/IMG-20200805-WA0023_250x250_crop_center.jpg?v=1614159563
Juicer,BRAUN PRESS JUICER MPZ9,"6,400",//cdn.shopify.com/s/files/1/0522/2357/4165/products/IMG-20200805-WA0020_250x250_crop_center.jpg?v=1614158357
Juicer,MOULINEX BOWL MIXER QA311127,"37,900",//cdn.shopify.com/s/files/1/0522/2357/4165/products/WhatsApp-Image-2020-08-19-at-6.13.07-PM_250x250_crop_center.jpg?v=1614157980
Juicer,HOMQUIP BLENDER PLUS GRENDER L-05HQ,"4,900",//cdn.shopify.com/s/files/1/0522/2357/4165/products/WhatsApp-Image-2020-08-20-at-8.38.33-PM_250x250_crop_center.jpg?v=1614157901
Juicer,PHILIPS MIXER HR3745 BASIC,"12,900",//cdn.shopify.com/s/files/1/0522/2357/4165/products/WhatsApp-Image-2020-08-28-at-6.59.43-PM_250x250_crop_center.jpg?v=1614157685
Juicer,SENCOR MIXER STM3754RD,"35,900",//cdn.shopify.com/s/files/1/0522/2357/4165/products/WhatsApp-Image-2020-08-31-at-2.23.43-PM_250x250_crop_center.jpg?v=1614157669
Juicer,SENCOR NUTRI BLENDER SNB4302SS,"12,900",//cdn.shopify.com/s/files/1/0522/2357/4165/products/WhatsApp-Image-2020-09-03-at-7.07.48-PM_250x250_crop_center.jpg?v=1614157478
Juicer,KING FULL APPLE JUICER 1110,"6,500",//cdn.shopify.com/s/files/1/0522/2357/4165/products/WhatsApp-Image-2020-10-20-at-6.25.14-PM_250x250_crop_center.jpg?v=1614156060
Juicer,PHILIPS JUICER HR1832 BASIC,"19,900",//cdn.shopify.com/s/files/1/0522/2357/4165/products/WhatsApp-Image-2020-10-20-at-6.26.00-PM_250x250_crop_center.jpg?v=1614156059
Juicer,MORPHY HAND BLENDER 402054EE,"15,900",//cdn.shopify.com/s/files/1/0522/2357/4165/products/WhatsApp-Image-2021-01-26-at-2.01.26-PM_250x250_crop_center.jpg?v=1614151898
Juicer,KENWOOD HAND BLENDER HDP109,"9,200",//cdn.shopify.com/s/files/1/0522/2357/4165/products/WhatsApp-Image-2021-01-26-at-2.08.39-PM_250x250_crop_center.jpg?v=1614151870
Juicer,MOULINEX JUICER JU550D10,"9,900",//cdn.shopify.com/s/files/1/0522/2357/4165/products/AFP-000318045_250x250_crop_center.png?v=1614147606
Juicer,MOULINEX BLENDER LM207125,"9,900",//cdn.shopify.com/s/files/1/0522/2357/4165/products/AFP-000318046_250x250_crop_center.png?v=1614147603
Juicer,HOMQUIP JUICER BLENDER 3IN1 HJB-286,"5,900",//cdn.shopify.com/s/files/1/0522/2357/4165/products/AFP-000318047_250x250_crop_center.png?v=1614147600
Juicer,NEVIR SPANISH HAND BLENDER 8334,"4,395",//cdn.shopify.com/s/files/1/0522/2357/4165/products/AFP-000318672_250x250_crop_center.png?v=1614147560
Sandwich maker,RUSSEL HOBBS SANDWICH MAKER 17936 BASIC,"3,500",//cdn.shopify.com/s/files/1/0522/2357/4165/products/AFP-000128418_250x250_crop_center.png?v=1615030503
Toaster,WEST POINT TOASTER 2561,"4,200",//cdn.shopify.com/s/files/1/0522/2357/4165/products/WhatsApp-Image-2020-10-30-at-2.47.07-PM_250x250_crop_center.jpg?v=1614155912
Toaster,GEEPAS ROTI MAKER GCM6125,"8,500",//cdn.shopify.com/s/files/1/0522/2357/4165/products/AFP-000320649_250x250_crop_center.png?v=1614147523
Toaster,WEST POINT TOASTER 4 SLICE WF2528,"5,500",//cdn.shopify.com/s/files/1/0522/2357/4165/products/AFP-000313017_250x250_crop_center.jpg?v=1614149058
Sandwich maker,CAMBRIDGE SANDWICH MAKER SM1158,"2,400",//cdn.shopify.com/s/files/1/0522/2357/4165/products/AFP-000318332_250x250_crop_center.png?v=1614147579
Toaster,SAACHI SAMOSA MAKER NLSM1541 BASIC,"4,900",//cdn.shopify.com/s/files/1/0522/2357/4165/products/afp-000085139_250x250_crop_center.png?v=1615551549
Sandwich maker,SINBO SANDWICH MAKER SSM-2510,"3,500",//cdn.shopify.com/s/files/1/0522/2357/4165/products/AFP-000302089_250x250_crop_center.png?v=1615552021
Toaster,CROWNLINE TOASTER TR202 BASIC,"5,900",//cdn.shopify.com/s/files/1/0522/2357/4165/products/afp-000159522_250x250_crop_center.png?v=1615551661
Sandwich maker,BLACK & DECKER SANDWICH MAKER GRILL TS4080,"12,900",//cdn.shopify.com/s/files/1/0522/2357/4165/products/afp-000083508_250x250_crop_center.png?v=1615551545
Toaster,NEVICA ROTI MAKER NV502TCM PC,"9,900",//cdn.shopify.com/s/files/1/0522/2357/4165/products/WhatsApp-Image-2020-12-04-at-6.31.15-PM_250x250_crop_center.jpg?v=1614161717
Sandwich maker,WEST POINT SANDWICH TOASTER 6676,"3,700",//cdn.shopify.com/s/files/1/0522/2357/4165/products/IMG-20200519-WA0017_250x250_crop_center.jpg?v=1614160616
Sandwich maker,KENWOOD SANDWICH 2IN1 SMP01.A0WH,"4,400",//cdn.shopify.com/s/files/1/0522/2357/4165/products/IMG-20200519-WA0004_250x250_crop_center.jpg?v=1614160614
Toaster,FUMA POPCORN MAKER FU-1366 BASIC,"7,500",//cdn.shopify.com/s/files/1/0522/2357/4165/products/IMG-20200623-WA0035_250x250_crop_center.jpg?v=1614159546
Toaster,BLACK PLUS DECKER FOOD STEAMER HS6000,"10,900",//cdn.shopify.com/s/files/1/0522/2357/4165/products/IMG-20200706-WA0024_250x250_crop_center.jpg?v=1614159132
Sandwich maker,RUSSEL HOBBS SANDWICH MAKER 24520GCC,"5,500",//cdn.shopify.com/s/files/1/0522/2357/4165/products/IMG-20200727-WA0005_250x250_crop_center.jpg?v=1614158600
Sandwich maker,GEEPAS SANDWICH MAKER GSM6002,"4,200",//cdn.shopify.com/s/files/1/0522/2357/4165/products/IMG-20200727-WA0002_250x250_crop_center.jpg?v=1614158595
Toaster,ARIETE PIZZA MAKER 905 BASIC,"13,900",//cdn.shopify.com/s/files/1/0522/2357/4165/products/WhatsApp-Image-2020-09-15-at-5.36.24-PM_250x250_crop_center.jpg?v=1614157144
Toaster,BREVILLE CAKE MAKER IR BP1640 BASIC,"9,900",//cdn.shopify.com/s/files/1/0522/2357/4165/products/WhatsApp-Image-2020-09-16-at-2.15.28-PM_250x250_crop_center.jpg?v=1614157085
Toaster,SILVER CREST TOASTER 306079,"4,500",//cdn.shopify.com/s/files/1/0522/2357/4165/products/WhatsApp-Image-2020-10-30-at-2.44.49-PM_250x250_crop_center.jpg?v=1614155913
Sandwich maker,ALPINA JUMBO SANDWICH MAKER SF2503 BASIC,"5,800",//cdn.shopify.com/s/files/1/0522/2357/4165/products/WhatsApp-Image-2020-12-29-at-5.24.51-PM_250x250_crop_center.jpg?v=1614153780
Toaster,TEFAL TOASTER EXPRESS TT357170 BASIC,"5,900",//cdn.shopify.com/s/files/1/0522/2357/4165/products/AFP-000167559_250x250_crop_center.jpg?v=1614149076
Toaster,RUSSEL HOBBS TOASTER 23530 BASIC,"7,500",//cdn.shopify.com/s/files/1/0522/2357/4165/products/AFP-000197953_250x250_crop_center.jpg?v=1614149074
Toaster,WEST POINT TOASTER WF2550,"4,200",//cdn.shopify.com/s/files/1/0522/2357/4165/products/AFP-000313018_250x250_crop_center.jpg?v=1614149056
Toaster,SENCOR TOASTER STS2607BK,"4,900",//cdn.shopify.com/s/files/1/0522/2357/4165/products/AFP-000317308_250x250_crop_center.jpg?v=1614149054
Sandwich maker,SENCOR SANDWICH MAKER SSM4300SS,"5,500",//cdn.shopify.com/s/files/1/0522/2357/4165/products/AFP-000317299-2_250x250_crop_center.png?v=1614147643
Sandwich maker,SENCOR SANDWICH MAKER SSM4300SS,"5,500",//cdn.shopify.com/s/files/1/0522/2357/4165/products/AFP-000317299_250x250_crop_center.png?v=1614147635
Toaster,SENCOR TOASTER STS2606WH,"4,900",//cdn.shopify.com/s/files/1/0522/2357/4165/products/AFP-000317307_250x250_crop_center.png?v=1614147626
Sandwich maker,WEST POINT SANDWICH TOASTER 6093,"5,400",//cdn.shopify.com/s/files/1/0522/2357/4165/products/AFP-000319371_250x250_crop_center.png?v=1614147559
Sandwich maker,WEST POINT SANDWICH TOASTER 6193,"5,400",//cdn.shopify.com/s/files/1/0522/2357/4165/products/AFP-000319372_250x250_crop_center.png?v=1614147557
Toaster,BLACK & DECKER OVEN TOASTER TRO55RDG,"42,900",//cdn.shopify.com/s/files/1/0522/2357/4165/products/AFP-000319494_250x250_crop_center.png?v=1614147534
Refrigerator,SOVOV CAR FRIDGE IR GT-04,"14,900",//cdn.shopify.com/s/files/1/0522/2357/4165/products/IMG-20200714-WA0035_250x250_crop_center.jpg?v=1614158886
Refrigerator,PANASONIC REFRIGERATOR NRBS701,"245,000",//cdn.shopify.com/s/files/1/0522/2357/4165/products/AFP-000251470_250x250_crop_center.jpg?v=1615029668
Refrigerator,NIKAI DOUBLE DOOR REFRIGERATOR NRF135DDS,"34,900",//cdn.shopify.com/s/files/1/0522/2357/4165/products/AFP-000300471_250x250_crop_center.jpg?v=1615029674
Refrigerator,GEEPAS REFRIGRATOR GRF04,"27,900",//cdn.shopify.com/s/files/1/0522/2357/4165/products/AFP-000291912_250x250_crop_center.png?v=1615029672
Washing machine,MIDAS WASHING MACHINE MI-WM7117,"95,900",//cdn.shopify.com/s/files/1/0522/2357/4165/products/midas_700_250x250_crop_center.png?v=1615793143
Washing machine,PANASONIC WASHING MACHINE NAF90A1WRU,"115,000",//cdn.shopify.com/s/files/1/0522/2357/4165/products/afp-000230169_250x250_crop_center.png?v=1615551732
Washing machine,BOSCH FRONT LOAD WASHING MACHINE WAJ2017OGC,"125,000",//cdn.shopify.com/s/files/1/0522/2357/4165/products/AFP-000319759_250x250_crop_center.png?v=1615179641
Washing machine,MIDAS WASHING MACHINE MI-WM4117,"97,900",//cdn.shopify.com/s/files/1/0522/2357/4165/products/AFP-000289788_250x250_crop_center.png?v=1615179666
Washing machine,PANASONIC WASHING MACHINE FRONT LOAD NA-S085M1,"155,000",//cdn.shopify.com/s/files/1/0522/2357/4165/products/AFP-000295827_ba70d5a4-52ce-40a3-bad8-e530774c76cd_250x250_crop_center.png?v=1615030568
Washing machine,LG WASHING MACHINE T1788S,"115,000",//cdn.shopify.com/s/files/1/0522/2357/4165/products/AFP-000285588_52bbb803-ca68-422f-9b63-540b54eba145_250x250_crop_center.png?v=1615030555
Washing machine,PANASONIC 7KG WASHER NAF7075,"64,900",//cdn.shopify.com/s/files/1/0522/2357/4165/products/AFP-000270715_1b0df997-9489-4d4d-bc1d-221875eb4e27_250x250_crop_center.png?v=1615030548
Washing machine,LG WASHING MACHINE T1666NEFTC-TH,"119,000",//cdn.shopify.com/s/files/1/0522/2357/4165/products/AFP-000270713_38ac1ffb-f500-42ba-bd1a-c8c3a10f960a_250x250_crop_center.png?v=1615030547
Washing machine,SIEMENS WASHING MACHINE WM10J18OGC,"125,000",//cdn.shopify.com/s/files/1/0522/2357/4165/products/AFP-000309037_7d1a62fe-022d-4bd7-8ab4-996d0eac5cfa_250x250_crop_center.png?v=1615552041
Washing machine,SIEMENS WASHING MACHINE WM10J170GC,"109,000",//cdn.shopify.com/s/files/1/0522/2357/4165/products/AFP-000309036_ff6dce1d-6398-4cac-b7de-bfdd4608f124_250x250_crop_center.png?v=1615552038
Washing machine,BOSCH TOP LOAD WASHING MACHINE 13KG WOA135DOGC,"145,000",//cdn.shopify.com/s/files/1/0522/2357/4165/products/AFP-000319419_250x250_crop_center.png?v=1614147543
Washing machine,PEL WASHING MACHINE PWMS1250,"16,900",//cdn.shopify.com/s/files/1/0522/2357/4165/products/AFP-000321073_250x250_crop_center.png?v=1614147510
Washing machine,BOSCH TOP LOAD WASHING MACHINE 10KG WOE101SOGC,"105,000",//cdn.shopify.com/s/files/1/0522/2357/4165/products/AFP-000319420_250x250_crop_center.png?v=1614147541
Electric heater,FIRE PLACE HEATER WSG02,"41,900",//cdn.shopify.com/s/files/1/0522/2357/4165/products/08-3_250x250_crop_center.jpg?v=1614163455
Electric heater,GEEPAS ROD HEATER GHH9107P,"4,500",//cdn.shopify.com/s/files/1/0522/2357/4165/products/AFP-000309356_250x250_crop_center.png?v=1615552049
Electric heater,DSP WAX HEATER 70016,"3,900",//cdn.shopify.com/s/files/1/0522/2357/4165/products/AFP-000297038_250x250_crop_center.png?v=1615551940
Electric heater,GEEPAS HEATER GQH9551,"3,900",//cdn.shopify.com/s/files/1/0522/2357/4165/products/AFP-000262617_250x250_crop_center.png?v=1615551832
Electric heater,FIRE PLACE HEATER BEF-25BMC BASIC,"49,900",//cdn.shopify.com/s/files/1/0522/2357/4165/products/12-13_250x250_crop_center.jpg?v=1614164142
Electric heater,FIRE PLACE HEATER WSG01 PC,"37,900",//cdn.shopify.com/s/files/1/0522/2357/4165/products/09_250x250_crop_center.jpg?v=1614163454
Electric heater,FIRE PLACE HEATER WSQ03 PC,"26,900",//cdn.shopify.com/s/files/1/0522/2357/4165/products/10-1-2_250x250_crop_center.jpg?v=1614163452
Electric heater,FIRE PLACE HEATER BG-50B PC,"67,900",//cdn.shopify.com/s/files/1/0522/2357/4165/products/12-1-1_250x250_crop_center.jpg?v=1614163451
Electric heater,FIRE PLACE HEATER 26BM02,"28,900",//cdn.shopify.com/s/files/1/0522/2357/4165/products/WhatsApp-Image-2020-09-14-at-5.55.46-PM_250x250_crop_center.jpg?v=1614157199
Electric heater,FIRE PLACE HEATER WSQ11 PC,"28,900",//cdn.shopify.com/s/files/1/0522/2357/4165/products/WhatsApp-Image-2020-09-14-at-5.57.52-PM_250x250_crop_center.jpg?v=1614157197
Electric heater,FIRE PLACE HEATER BGG01 PC,"55,900",//cdn.shopify.com/s/files/1/0522/2357/4165/products/WhatsApp-Image-2020-09-14-at-5.58.42-PM_250x250_crop_center.jpg?v=1614157195
Electric heater,FIRE PLACE HEATER WSQ14 PC,"24,900",//cdn.shopify.com/s/files/1/0522/2357/4165/products/f2d9bcfb-0739-42fd-b974-970a150ec112_250x250_crop_center.jpg?v=1614157194
Electric heater,LEXICAL ROD HEATER LQH 8004-9,"6,900",//cdn.shopify.com/s/files/1/0522/2357/4165/products/WhatsApp-Image-2020-11-13-at-3.25.05-PM_250x250_crop_center.jpg?v=1614155909
Electric heater,GEEPAS ROD HEATER GQH9552P,"3,900",//cdn.shopify.com/s/files/1/0522/2357/4165/products/WhatsApp-Image-2020-11-27-at-3.04.06-PM_250x250_crop_center.jpg?v=1614155246
Electric heater,GEEPAS ROD HEATER GQH9553,"3,800",//cdn.shopify.com/s/files/1/0522/2357/4165/products/WhatsApp-Image-2020-11-27-at-3.05.07-PM_250x250_crop_center.jpg?v=1614155245
Electric heater,SAACHI FAN HEATER SFH2607,"4,500",//cdn.shopify.com/s/files/1/0522/2357/4165/products/WhatsApp-Image-2020-11-27-at-3.06.38-PM_250x250_crop_center.jpg?v=1614155241
Electric heater,DELONGHI CONVECTION HEATER 3120FS,"23,900",//cdn.shopify.com/s/files/1/0522/2357/4165/products/WhatsApp-Image-2020-12-28-at-5.53.13-PM_250x250_crop_center.jpg?v=1614153818
Electric heater,DELONGHI OIL HEATER 41025 PC,"27,900",//cdn.shopify.com/s/files/1/0522/2357/4165/products/07-13_250x250_crop_center.jpg?v=1614164143
Electric heater,MIDAS FAN HEATER E-3 PC,"10,500",//cdn.shopify.com/s/files/1/0522/2357/4165/products/WhatsApp-Image-2020-11-13-at-3.29.08-PM_250x250_crop_center.jpg?v=1614164125
Electric heater,DELONGHI FAN HEATER HVY1030 PC,"7,500",//cdn.shopify.com/s/files/1/0522/2357/4165/products/33_250x250_crop_center.jpg?v=1614164122
Electric heater,DELONGHI HEATER V551225 PC,"25,900",//cdn.shopify.com/s/files/1/0522/2357/4165/products/WhatsApp-Image-2020-11-13-at-3.32.48-PM_250x250_crop_center.jpg?v=1614164140
Electric heater,DELONGHI FAN HEATER HTF3031,"9,500",//cdn.shopify.com/s/files/1/0522/2357/4165/products/WhatsApp-Image-2020-10-29-at-6.28.37-PM_250x250_crop_center.jpg?v=1614157171
Electric heater,NIKAI FAN HEATER FH-103A,"3,995",//cdn.shopify.com/s/files/1/0522/2357/4165/products/WhatsApp-Image-2020-09-14-at-6.03.04-PM_250x250_crop_center.jpg?v=1614157192
Electric heater,DELONGHI OIL HEATER 0920 BASIC,"23,900",//cdn.shopify.com/s/files/1/0522/2357/4165/products/WhatsApp-Image-2020-09-24-at-5.42.17-PM_250x250_crop_center.jpg?v=1614156837
Electric heater,DELONGHI FAN HEATER TCH8993ER,"24,900",//cdn.shopify.com/s/files/1/0522/2357/4165/products/WhatsApp-Image-2020-11-13-at-3.29.39-PM_250x250_crop_center.jpg?v=1614155643
Electric heater,HAEGER CERAMIC FAN HEATER 1186 IR 742-745,"5,900",//cdn.shopify.com/s/files/1/0522/2357/4165/products/WhatsApp-Image-2020-11-13-at-3.35.19-PM_250x250_crop_center.jpg?v=1614155635
Electric heater,DELONGHI FAN HEATER HFX-65V20,"19,900",//cdn.shopify.com/s/files/1/0522/2357/4165/products/WhatsApp-Image-2020-11-13-at-3.30.20-PM_250x250_crop_center.jpg?v=1614155642
Electric heater,DELONGHI OIL HEATER 2500W 771225,"24,900",//cdn.shopify.com/s/files/1/0522/2357/4165/products/WhatsApp-Image-2020-11-13-at-3.32.04-PM_250x250_crop_center.jpg?v=1614155640
Electric heater,DELONGHI OIL HEATER TRRRS1225 BASIC,"25,900",//cdn.shopify.com/s/files/1/0522/2357/4165/products/WhatsApp-Image-2020-11-13-at-3.34.26-PM_250x250_crop_center.jpg?v=1614155637
Electric heater,GEEPAS FAN HEATER HTM100,"5,500",//cdn.shopify.com/s/files/1/0522/2357/4165/products/WhatsApp-Image-2020-11-13-at-3.36.55-PM_250x250_crop_center.jpg?v=1614155632
Electric heater,DELONGHI OIL HEATER 40615,"24,900",//cdn.shopify.com/s/files/1/0522/2357/4165/products/WhatsApp-Image-2020-12-15-at-5.35.15-PM_250x250_crop_center.jpg?v=1614154483
Electric heater,DELONGHI OIL HEATER 40820 PC,"26,900",//cdn.shopify.com/s/files/1/0522/2357/4165/products/WhatsApp-Image-2020-12-15-at-5.35.33-PM_250x250_crop_center.jpg?v=1614154477
Electric heater,SAILON NATURAL GAS HEATER JK400,"12,900",//cdn.shopify.com/s/files/1/0522/2357/4165/products/WhatsApp-Image-2020-12-28-at-5.52.47-PM_250x250_crop_center.jpg?v=1614153820
Water geyser,ARISTON ELECTRIC WATER GEYSER PROR50H BASIC,"Rs.29,900",//cdn.shopify.com/s/files/1/0522/2357/4165/products/24-6-2_800x.jpg?v=1614163749
Water geyser,ARISTON ELECTRIC WATER GEYSER PRO30 BASIC,"Rs.25,900",//cdn.shopify.com/s/files/1/0522/2357/4165/products/26-4-1_800x.jpg?v=1614163747
Microwave oven,MEILLEUR ELECTRIC OVEN HK80RCL,"36,900",//cdn.shopify.com/s/files/1/0522/2357/4165/products/AFP-000261335_250x250_crop_center.png?v=1616419850
Microwave oven,ESQUIRE ELECTRIC OVEN M4552R01 45L TOUCH,"26,900",//cdn.shopify.com/s/files/1/0522/2357/4165/products/AFP-000322741_250x250_crop_center.png?v=1616420018
Microwave oven,DELONGHI ELECTRIC OVEN DIGITAL EO32852,"42,900",//cdn.shopify.com/s/files/1/0522/2357/4165/products/AFP-000324064_250x250_crop_center.png?v=1616420024
Microwave oven,ESQUIRE ELECTRIC OVEN M7051R03 70L MAT,"27,900",//cdn.shopify.com/s/files/1/0522/2357/4165/products/AFP-000322742_250x250_crop_center.png?v=1616420020
Microwave oven,WEST POINT ELECTRIC OVEN 4500,"16,400",//cdn.shopify.com/s/files/1/0522/2357/4165/products/AFP-000294569_250x250_crop_center.png?v=1616419885
Microwave oven,PANASONIC MICROWAVE NNGD371MK BASIC,"27,900",//cdn.shopify.com/s/files/1/0522/2357/4165/products/afp-000135947_250x250_crop_center.png?v=1615551656
Microwave oven,PANASONIC OVAN 371 PC,"27,900",//cdn.shopify.com/s/files/1/0522/2357/4165/products/afp-000107153_250x250_crop_center.png?v=1615551588
Microwave oven,PANASONIC MICROWAVE OVEN GD37 BASIC,"26,900",//cdn.shopify.com/s/files/1/0522/2357/4165/products/NN-GD37HB-Product_ImageGlobal-1_mi_en_250x250_crop_center.png?v=1615794431
Microwave oven,MEILLEUR ELECTRIC OVEN HK45RCL,"27,900",//cdn.shopify.com/s/files/1/0522/2357/4165/products/WhatsApp-Image-2020-09-30-at-5.50.40-PM_250x250_crop_center.jpg?v=1614160683
Microwave oven,ARSHIA MICROWAVE OVEN MV1332549,"14,900",//cdn.shopify.com/s/files/1/0522/2357/4165/products/WhatsApp-Image-2020-08-11-at-13.42.15_250x250_crop_center.jpg?v=1614158870
Microwave oven,ARSHIA MICROWAVE OVEN MV1332550,"19,900",//cdn.shopify.com/s/files/1/0522/2357/4165/products/WhatsApp-Image-2020-08-11-at-13.40.11_250x250_crop_center.jpg?v=1614158868
Microwave oven,ARSHIA HALOGEN OVEN HO1282501,"15,500",//cdn.shopify.com/s/files/1/0522/2357/4165/products/IMG-20200723-WA0027_250x250_crop_center.jpg?v=1614158671
Microwave oven,SUPER GENERAL MICROWAVE 921,"12,900",//cdn.shopify.com/s/files/1/0522/2357/4165/products/WhatsApp-Image-2020-08-11-at-13.46.54_250x250_crop_center.jpg?v=1614158212
Microwave oven,WEST POINT MICROWAVE OVEN 825,"11,900",//cdn.shopify.com/s/files/1/0522/2357/4165/products/WhatsApp-Image-2020-10-21-at-5.36.03-PM_250x250_crop_center.jpg?v=1614156039
Microwave oven,MIDEA MICROWAVE OVEN AG930AHY PC,"20,900",//cdn.shopify.com/s/files/1/0522/2357/4165/products/WhatsApp-Image-2020-10-21-at-5.37.06-PM_250x250_crop_center.jpg?v=1614156038
Microwave oven,BLACK & DECKER MICROWAVE OVEN MZ30PGSSI PC,"29,900",//cdn.shopify.com/s/files/1/0522/2357/4165/products/WhatsApp-Image-2020-10-21-at-5.38.04-PM_250x250_crop_center.jpg?v=1614156036
Microwave oven,PANASONIC MICROWAVE OVEN SD681 PC,"36,900",//cdn.shopify.com/s/files/1/0522/2357/4165/products/WhatsApp-Image-2020-10-21-at-5.39.23-PM_250x250_crop_center.jpg?v=1614156034
Microwave oven,WEST POINT MICROWAVE OVEN 854,"20,900",//cdn.shopify.com/s/files/1/0522/2357/4165/products/WhatsApp-Image-2020-10-21-at-5.39.59-PM_250x250_crop_center.jpg?v=1614156032
Microwave oven,GEEPAS MICROWAVE OVEN GMO1876,"21,900",//cdn.shopify.com/s/files/1/0522/2357/4165/products/WhatsApp-Image-2020-12-04-at-6.22.26-PM_250x250_crop_center.jpg?v=1614156030
Microwave oven,PANASONIC MICROWAVE OVEN 997,"92,000",//cdn.shopify.com/s/files/1/0522/2357/4165/products/WhatsApp-Image-2020-10-21-at-5.41.06-PM_250x250_crop_center.jpg?v=1614156028
Microwave oven,ARSHIA MICROWAVE OVEN MV1822601,"23,900",//cdn.shopify.com/s/files/1/0522/2357/4165/products/WhatsApp-Image-2020-12-04-at-6.26.21-PM_250x250_crop_center.jpg?v=1614155056
Microwave oven,PANASONIC MICROWAVE OVEN NNGF574,"43,900",//cdn.shopify.com/s/files/1/0522/2357/4165/products/AFP-000318206_250x250_crop_center.png?v=1614147592
Iron,PHILIPS DRY IRON HD1172,"2,795",//cdn.shopify.com/s/files/1/0522/2357/4165/products/AFP-000103662_d54d6b41-d3d7-4609-a177-d3f901958b1f_250x250_crop_center.png?v=1615030496
Iron,PHILIPS IRON WITH STEAM GC1423,"2,995",//cdn.shopify.com/s/files/1/0522/2357/4165/products/14-2-1_250x250_crop_center.jpg?v=1614164362
Iron,PANASONIC IRON GOLDEN NI22AWTXJ,"8,900",//cdn.shopify.com/s/files/1/0522/2357/4165/products/AFP-000107080_9d35da43-573b-4e57-adaf-09b732ed724d_250x250_crop_center.png?v=1615030500
Iron,PANASONIC IRON MALAYSIA NI22AWT,"4,400",//cdn.shopify.com/s/files/1/0522/2357/4165/products/afp-000107082_250x250_crop_center.png?v=1615551584
Iron,RUSSEL HOBS IRON 23590 BASIC,"4,800",//cdn.shopify.com/s/files/1/0522/2357/4165/products/AFP-000160507_6172dcbc-07ae-4143-a59c-4981424c1783_250x250_crop_center.png?v=1615030507
Iron,RUSSEL HOBS IRON 23060 BASIC,"4,800",//cdn.shopify.com/s/files/1/0522/2357/4165/products/AFP-000160508_9644065c-e38d-4f2a-9e8b-93d3db94642f_250x250_crop_center.png?v=1615030508
Iron,TEFAL STEAM IRON FV1526E2,"4,800",//cdn.shopify.com/s/files/1/0522/2357/4165/products/AFP-000320429_250x250_crop_center.png?v=1614147525
Iron,HAEGER STEAM IRON IR HG1208,"4,500",//cdn.shopify.com/s/files/1/0522/2357/4165/products/alfatah-Islamabad-13-1_250x250_crop_center.jpg?v=1614164363
Iron,TEFAL GARMENT STEAMER DR8085 BASIC,"10,900",//cdn.shopify.com/s/files/1/0522/2357/4165/products/IMG-20200318-WA0114_250x250_crop_center.jpg?v=1614164359
Iron,PHILIPS STEAM IRON GC1426 BASIC,"3,800",//cdn.shopify.com/s/files/1/0522/2357/4165/products/alfatah-Islamabad-19-18_250x250_crop_center.jpg?v=1614163327
Iron,HAEGER STEAM IRON HG-1276 IR 112-121,"2,500",//cdn.shopify.com/s/files/1/0522/2357/4165/products/afp-000249334_250x250_crop_center.png?v=1615551786
Iron,HAEGER STEAM IRON HG-1272 IR 107-111,"2,900",//cdn.shopify.com/s/files/1/0522/2357/4165/products/afp-000249333_250x250_crop_center.png?v=1615551784
Iron,HAEGER STEAM IRON HG-1270 IR 97-106,"2,900",//cdn.shopify.com/s/files/1/0522/2357/4165/products/afp-000249332_250x250_crop_center.png?v=1615551782
Iron,VITEK STEAM IRON IR CK1248,"2,700",//cdn.shopify.com/s/files/1/0522/2357/4165/products/afp-000226280_250x250_crop_center.png?v=1615551716
Iron,PANASONIC IRON P300T BASIC,"5,200",//cdn.shopify.com/s/files/1/0522/2357/4165/products/afp-000107220_250x250_crop_center.png?v=1615551600
Iron,PANASONIC IRON NI-E410 BASIC,"5,600",//cdn.shopify.com/s/files/1/0522/2357/4165/products/afp-000107219_250x250_crop_center.png?v=1615551598
Iron,RUSSEL HOBBS IRON SUPREME STEAM RU-20562,"4,800",//cdn.shopify.com/s/files/1/0522/2357/4165/products/AFP-000319607_250x250_crop_center.png?v=1615030593
Iron,SUBOOM GARMENTS STEAMER 918F PC,"24,900",//cdn.shopify.com/s/files/1/0522/2357/4165/products/IMG-20200616-WA0026_250x250_crop_center.jpg?v=1614164138
Iron,HAEGER STEAM IRON HG-1203RB IR 77-86,"3,900",//cdn.shopify.com/s/files/1/0522/2357/4165/products/WhatsApp-Image-2020-10-02-at-2.58.03-PM_250x250_crop_center.jpg?v=1614164052
Iron,HAEGER STEAM IRON HG-1216P IR 16-25,"3,900",//cdn.shopify.com/s/files/1/0522/2357/4165/products/alfatah-Islamabad-11-1_250x250_crop_center.jpg?v=1614164050
Iron,HAEGER STEAM IRON HG-1219R IR 26-40,"4,500",//cdn.shopify.com/s/files/1/0522/2357/4165/products/alfatah-Islamabad-24-13_250x250_crop_center.jpg?v=1614164049
Iron,FLYCO STEAM IRON FI-9310 BASIC,"3,500",//cdn.shopify.com/s/files/1/0522/2357/4165/products/19-9-1_250x250_crop_center.jpg?v=1614164047
Iron,PHILIPS STEAM IRON GC2990 BASIC,"7,000",//cdn.shopify.com/s/files/1/0522/2357/4165/products/alfatah-Islamabad-20-15_250x250_crop_center.jpg?v=1614163326
Iron,HAEGER STEAM IRON HG-1219P IR 26-40,"4,500",//cdn.shopify.com/s/files/1/0522/2357/4165/products/alfatah-Islamabad-22-15_250x250_crop_center.jpg?v=1614163323
Iron,HAEGER STEAM IRON IR HG1222,"3,700",//cdn.shopify.com/s/files/1/0522/2357/4165/products/alfatah-Islamabad-25-12_250x250_crop_center.jpg?v=1614163321
Iron,RUSSEL HOBBS IRON 24800,"5,800",//cdn.shopify.com/s/files/1/0522/2357/4165/products/alfatah-Islamabad-26-11_250x250_crop_center.jpg?v=1614163319
Iron,PANASONIC IRON 510 BASIC,"6,500",//cdn.shopify.com/s/files/1/0522/2357/4165/products/alfatah-Islamabad-29-9_250x250_crop_center.jpg?v=1614163318
Iron,RUSSLE HOBBS IRON 24840,"5,800",//cdn.shopify.com/s/files/1/0522/2357/4165/products/alfatah-Islamabad-12-1_250x250_crop_center.jpg?v=1614163223
Iron,HAEGER STEAM IRON IR HG-1218,"3,500",//cdn.shopify.com/s/files/1/0522/2357/4165/products/IMG-20200318-WA0096_250x250_crop_center.jpg?v=1614162701
Iron,RUSSELL HOBS IRON 22520 BASIC,"4,800",//cdn.shopify.com/s/files/1/0522/2357/4165/products/IMG-20200318-WA0095_250x250_crop_center.jpg?v=1614162699
Iron,SUBOOM GARMENTS STEAMER IR ST-CT338T BASIC,"17,900",//cdn.shopify.com/s/files/1/0522/2357/4165/products/IMG-20200616-WA0022_250x250_crop_center.jpg?v=1614159796
Iron,PANASONIC STEAM IRON NI-GSE 040,"15,900",//cdn.shopify.com/s/files/1/0522/2357/4165/products/IMG-20200616-WA0025_250x250_crop_center.jpg?v=1614159794
Iron,PHILIPS STEAM IRON GC3929 BASIC,"13,900",//cdn.shopify.com/s/files/1/0522/2357/4165/products/WhatsApp-Image-2020-10-02-at-2.57.48-PM_250x250_crop_center.jpg?v=1614156592
Iron,HAEGER STEAM IRON HA-1217 IR 67-71,"3,900",//cdn.shopify.com/s/files/1/0522/2357/4165/products/WhatsApp-Image-2020-10-15-at-1.30.58-PM_250x250_crop_center.jpg?v=1614156591
Iron,TEFAL IRON FS2620M0,"3,400",//cdn.shopify.com/s/files/1/0522/2357/4165/products/WhatsApp-Image-2020-10-02-at-3.00.41-PM_250x250_crop_center.jpg?v=1614156582
Iron,HAEGER STEAM IRON HG-1271 IR 87-96,"2,900",//cdn.shopify.com/s/files/1/0522/2357/4165/products/WhatsApp-Image-2020-10-02-at-3.02.05-PM_250x250_crop_center.jpg?v=1614156580
Iron,HOMQUIP HEAVY DUTY DRY IRON HI-20HQ,"1,900",//cdn.shopify.com/s/files/1/0522/2357/4165/products/WhatsApp-Image-2020-10-15-at-1.32.42-PM_250x250_crop_center.jpg?v=1614156127
Iron,TEFAL IRON 2920 BASIC,"3,500",//cdn.shopify.com/s/files/1/0522/2357/4165/products/WhatsApp-Image-2020-10-15-at-1.34.00-PM_250x250_crop_center.jpg?v=1614156125
Iron,TEFAL IRON FS2610M0,"3,300",//cdn.shopify.com/s/files/1/0522/2357/4165/products/WhatsApp-Image-2020-10-15-at-1.34.25-PM_250x250_crop_center.jpg?v=1614156123
Iron,BOSCH IRON TDA2651GB BASIC,"7,500",//cdn.shopify.com/s/files/1/0522/2357/4165/products/WhatsApp-Image-2020-10-29-at-6.43.17-PM_250x250_crop_center.jpg?v=1614156121
Iron,PHILIPS IRON GC4532,"11,900",//cdn.shopify.com/s/files/1/0522/2357/4165/products/WhatsApp-Image-2020-10-29-at-6.45.35-PM_250x250_crop_center.jpg?v=1614155915
Iron,HAEGER STEAM IRON HG-1203R IR 77-86,"3,900",//cdn.shopify.com/s/files/1/0522/2357/4165/products/WhatsApp-Image-2020-12-29-at-5.28.42-PM_250x250_crop_center.jpg?v=1614153774
Iron,PHILIPS STEAM IRON GC1742,"5,200",//cdn.shopify.com/s/files/1/0522/2357/4165/products/WhatsApp-Image-2020-12-29-at-5.29.42-PM_250x250_crop_center.jpg?v=1614153772
Fan,BLACK N DECKER WALL FAN FW1620,"10,900",//cdn.shopify.com/s/files/1/0522/2357/4165/products/afp-000261635_250x250_crop_center.png?v=1615551830
Fan,PANASONIC VENTILATION FAN FV-30AU9TNBMG,"8,900",//cdn.shopify.com/s/files/1/0522/2357/4165/products/afp-000245483_250x250_crop_center.png?v=1615551769
Fan,HITACHI FAN ESP3000R,"14,900",//cdn.shopify.com/s/files/1/0522/2357/4165/products/IMG-20200410-WA0058-1_250x250_crop_center.jpg?v=1614167343
Fan,BLACK & DECKER STAND FAN FS 1620R BASIC,"16,900",//cdn.shopify.com/s/files/1/0522/2357/4165/products/IMG-20200429-WA0056_250x250_crop_center.jpg?v=1614167270
Fan,EVERNAL STAND FAN S40FK35,"12,500",//cdn.shopify.com/s/files/1/0522/2357/4165/products/IMG-20200410-WA0059-1_250x250_crop_center.jpg?v=1614162026
Fan,SANFORD MIST STAND FAN SF927SFN,"21,900",//cdn.shopify.com/s/files/1/0522/2357/4165/products/IMG-20200410-WA0001_250x250_crop_center.jpg?v=1614162045
Fan,MIST FAN 26INCH DB-26CF BASIC,"32,900",//cdn.shopify.com/s/files/1/0522/2357/4165/products/IMG-20200410-WA0000_250x250_crop_center.jpg?v=1614162039
Fan,CROWNLINE FAN TF222,"26,900",//cdn.shopify.com/s/files/1/0522/2357/4165/products/IMG-20200410-WA0060-1_250x250_crop_center.jpg?v=1614162025
Fan,KDK FAN 12 INCH SC30X WITH REMOTE CONTROL  PCS,"32,900",//cdn.shopify.com/s/files/1/0522/2357/4165/products/IMG-20200602-WA0011_250x250_crop_center.jpg?v=1614160388
