img_link,page_url,page_title,aduiance
https://scontent.flhe2-2.fna.fbcdn.net/v/t1.6435-0/cp0/c0.16.64.64a/p64x64/155809304_10226170494195233_7496897565040391853_n.jpg?_nc_cat=108&ccb=1-3&_nc_sid=70495d&_nc_eui2=AeENkZ8uKAPql0ENOHQoM5iCvPEIZgpisd-88QhmCmKx3-_1SoCBWh_K9nt7zOO-BKvcW6g6VCIPqcRytl_07rRV&_nc_ohc=7IoOkvnUpMgAX8neKEH&_nc_ht=scontent.flhe2-2.fna&tp=27&oh=00966c96843fcf68c43d7723180a302a&oe=60CEADE8,https://web.facebook.com/groups/431357251507790/,PowerXL Microwave Air Fryer Bake User Group,Public group  · 55 members
https://scontent.flhe2-2.fna.fbcdn.net/v/t1.18169-0/cp0/c45.0.64.64a/p64x64/18767786_10155378021929854_1885557992230633557_n.jpg?_nc_cat=106&ccb=1-3&_nc_sid=70495d&_nc_eui2=AeGhQVcv4ATtsDB2CU3P43jqXbUywROkgGldtTLBE6SAaaF7iCpx35ULFE55sCFVaKXJK2UYDR5tav-6vJnGkXqw&_nc_ohc=Ra8pmrCOsdoAX9r2hwn&_nc_ht=scontent.flhe2-2.fna&tp=27&oh=e8e469fb7b32ab06b6c2770dba3f0c19&oe=60CE9706,https://web.facebook.com/groups/235117593179177/,Microwave Cooking Enthusiasts,Private group  · 3.3K members
https://scontent.flhe2-2.fna.fbcdn.net/v/t1.6435-0/cp0/c16.0.64.64a/p64x64/123515731_10158851177702288_1103665328955229633_n.jpg?_nc_cat=108&ccb=1-3&_nc_sid=70495d&_nc_eui2=AeH463v3MVfq5u0KyVUVp4tP03AKPyhcK97TcAo_KFwr3i2ckN9qeVQJYBRURyoA-5Daq79mvjq8YSihrZDDwnPW&_nc_ohc=UIwV6stUD8cAX-l56Rt&_nc_ht=scontent.flhe2-2.fna&tp=27&oh=1112f35c59c41b997bb14dd68bc78cdd&oe=60CF52D0,https://web.facebook.com/groups/365144394722565/,Breville 3 n 1 combi microwave,Private group  · 401 members
https://scontent.flhe2-2.fna.fbcdn.net/v/t1.18169-0/cp0/c25.0.64.64a/p64x64/26231440_10214895579088830_3646722750991219730_n.jpg?_nc_cat=101&ccb=1-3&_nc_sid=70495d&_nc_eui2=AeFplLhrYqifEpmmtyF5NrRpNhM494S5N0g2Ezj3hLk3SHoKS_Gh2e9mTGWXYj_-WGvura0In--vRJ872zTdMXIf&_nc_ohc=ImERHPi0mQMAX99INL9&_nc_ht=scontent.flhe2-2.fna&tp=27&oh=bee937ec26e425adb5965fcea1ced71e&oe=60CEF52A,https://web.facebook.com/groups/159258634703907/,RV convection-microwave oven cooking,Public group  · 2.5K members
https://scontent.flhe2-2.fna.fbcdn.net/v/t1.18169-0/cp0/p64x64/579580_1349854561695231_994123667632637519_n.jpg?_nc_cat=106&ccb=1-3&_nc_sid=70495d&_nc_eui2=AeFpl1bFA_e_ad_BW0kuBu6K2LJ3Xzy6pFbYsndfPLqkVgHxOq77N1-h7FsDSKeI6aI7loNK--8_WjINGtaN5yO3&_nc_ohc=_RJjM-j-GRkAX9zQ4B8&_nc_ht=scontent.flhe2-2.fna&tp=27&oh=b0b988a49cf9f058cfadcc64a370eeb6&oe=60CDC387,https://web.facebook.com/groups/767170070084902/,TURBO CONVECTION OVEN RECIPES,Private group  · 5.2K members
https://scontent.flhe2-2.fna.fbcdn.net/v/t1.6435-0/cp0/c24.0.64.64a/p64x64/40609410_1938374536227518_1828412610639298560_n.jpg?_nc_cat=100&ccb=1-3&_nc_sid=70495d&_nc_eui2=AeHiHhpxdxJHs5IlvbphEcPg48Kg0kM6u-_jwqDSQzq770eirFOSaeoChKrgjPt2rXXoOcQNs6ijHx5Rwn4Ty6lQ&_nc_ohc=6t4LbuGXc-YAX9ggLP_&_nc_ht=scontent.flhe2-2.fna&tp=27&oh=5dfed865f0c86377b99b05ace0d46fd1&oe=60CF657E,https://web.facebook.com/groups/419304658597097/,MicroWave Cookin Recipes',Private group  · 1.3K members
https://scontent.flhe2-2.fna.fbcdn.net/v/t1.6435-0/cp0/c11.0.64.64a/p64x64/158460682_2740450466268122_879687138595469692_n.jpg?_nc_cat=108&ccb=1-3&_nc_sid=70495d&_nc_eui2=AeFwJKYtlCP80t0-Vl19ZYX6C4PWUB77NDoLg9ZQHvs0OuGlKL4GRNFYGylXIP9mtJGgKsr5gt8PmIxa4ghd1_2o&_nc_ohc=7Ux0Ji70F8UAX8FHSJk&_nc_ht=scontent.flhe2-2.fna&tp=27&oh=a439cb978c6e4306af28581f38a3c9d3&oe=60CE51D6,https://web.facebook.com/groups/371891113559308/,industrial microwave oven dryer,Public group  · 44 members
https://scontent.flhe2-1.fna.fbcdn.net/v/t1.6435-0/cp0/c25.0.64.64a/p64x64/198630172_2317720025028705_4601844373531336546_n.jpg?_nc_cat=105&ccb=1-3&_nc_sid=70495d&_nc_eui2=AeG96xa8edRNyAdGpfgK1UHNiIUE1RC4bCGIhQTVELhsIYLofrqB_b3QGuM7Ehp9PDUZOi0lvViwVbEIwq0hE8AL&_nc_ohc=UQSww-ZG_YsAX_K0DwS&_nc_ht=scontent.flhe2-1.fna&tp=27&oh=0c33915579c6b00c1ad65ccdc2017242&oe=60CEB33D,https://web.facebook.com/groups/289032362620268/,IFB washing machine&microwave oven repair hooghly to bally,Public group  · 3 members
https://scontent.flhe2-1.fna.fbcdn.net/v/t1.6435-0/cp0/c30.0.64.64a/p64x64/150519783_1827046240785708_3262984930821959620_n.jpg?_nc_cat=107&ccb=1-3&_nc_sid=70495d&_nc_eui2=AeGaeYiWkp9o3sljqzNehx8SOdeGutyIQdk514a63IhB2UkMuM6k8w45tFnyL4tXpkH1MtBMn8EljmngmYA_PDX1&_nc_ohc=PA5IzOVqCVYAX_wMs3z&tn=FGCUm-Y2EbdIMPs3&_nc_ht=scontent.flhe2-1.fna&tp=27&oh=ad283ddf8a40215a8c8ba01205aa94ec&oe=60CEC1A5,https://web.facebook.com/groups/505964160530672/,fridge ac washing machine microwave oven service and repair.(kaniyakumari),Public group  · 95 members
https://scontent.flhe2-2.fna.fbcdn.net/v/t1.6435-0/cp0/c10.0.64.64a/p64x64/61157171_10218681314719429_1946206332159787008_n.jpg?_nc_cat=108&ccb=1-3&_nc_sid=70495d&_nc_eui2=AeGm8ln96lKLN-ii3NO-z2LsDZhMdxr-ay4NmEx3Gv5rLvPyqtSqdqBG5mk3vM08pi6ip7oAtV4y4C1-4igZKL5x&_nc_ohc=Co25x01pgncAX9KKAtN&_nc_ht=scontent.flhe2-2.fna&tp=27&oh=fadfa933f9c9c31cc407bdb2a4604200&oe=60CDE479,https://web.facebook.com/groups/834048050305487/,Vintage Microwave Oven Collectors International,Public group  · 30 members
https://scontent.flhe2-2.fna.fbcdn.net/v/t1.6435-0/cp0/c1.0.64.64a/p64x64/58719892_2471625282849814_8691411294676320256_n.jpg?_nc_cat=101&ccb=1-3&_nc_sid=70495d&_nc_eui2=AeGbrQlnfGxyVTAmC0NxPJ3vh59b1lm-Dk-Hn1vWWb4OT8ZWC5NLFsuH3uxm1JCvzBwzxD7HJ9a4j4G8YXoXndHP&_nc_ohc=gqI4zciLiDkAX8RKpxr&_nc_ht=scontent.flhe2-2.fna&tp=27&oh=b84b8399ee5ab02764df8a6bc7845b45&oe=60CEE26C,https://web.facebook.com/groups/1734540520125756/,"My collection of recipes part1 (Only Veg)#Microwave &""Useful""Tips n hacks..",Private group  · 9.5K members
https://scontent.flhe2-2.fna.fbcdn.net/v/t1.30497-1/cp0/p60x60/116687302_959241714549285_318408173653384421_n.jpg?_nc_cat=1&ccb=1-3&_nc_sid=70495d&_nc_eui2=AeGEz7421Id3wm48GQHTE5A3U2VttAho9CNTZW20CGj0IzzgtQoYk9eg0fOiab25BlhI88RAuxuT-HEr76A5JMB4&_nc_ohc=GRaiw5YYRngAX_DlJ9X&_nc_ht=scontent.flhe2-2.fna&tp=27&oh=cc064a31c0a954f2aee4d47ac10ed155&oe=60CE4811,https://web.facebook.com/groups/485341044969410/,"Refrigerator,microwave oven,washing machine  repairing group",Private group  · 74 members
https://scontent.flhe2-1.fna.fbcdn.net/v/t1.18169-0/cp0/c19.0.64.64a/p64x64/14440658_10211123450867023_4420585852191045034_n.jpg?_nc_cat=102&ccb=1-3&_nc_sid=70495d&_nc_eui2=AeFjjy5J6TYg2jyNqXUWZEuMOhFfIWZPjZQ6EV8hZk-NlMatqWkzSE3aXG1X9dTJYTE34Vb7AziH_NO-GwI646uu&_nc_ohc=33I-b_SclkIAX_OuVZN&_nc_ht=scontent.flhe2-1.fna&tp=27&oh=2f09f74ae2959376c29254828c8eefe6&oe=60CEEED1,https://web.facebook.com/groups/146537090467/,Microwave oven technology,Public group  · 12 members
https://scontent.flhe2-1.fna.fbcdn.net/v/t31.18172-0/cp0/c11.0.64.64a/p64x64/17097194_1681467845481211_4981128482984214249_o.jpg?_nc_cat=109&ccb=1-3&_nc_sid=70495d&_nc_eui2=AeHtnE3mEZ56CPw0BhfoUfL3nyR7bn19n1SfJHtufX2fVH75EylIlOZs8PCr7gu0D11a6c0LVlvvfMXtgruTApYD&_nc_ohc=L0C0tpmQSE8AX-_VSih&_nc_ht=scontent.flhe2-1.fna&tp=27&oh=e537685c75df340060824f40183e00e9&oe=60ED3AEE,https://web.facebook.com/groups/1030622193630556/,lg microwave house club,Public group  · 423 members
https://scontent.flhe2-1.fna.fbcdn.net/v/t1.18169-0/cp0/c0.4.64.64a/p64x64/16196008_1349345788465113_4998956343446898642_n.jpg?_nc_cat=104&ccb=1-3&_nc_sid=70495d&_nc_eui2=AeFv1BQDqdEXv0MNdd0sMPJXQeLHp3szFKJB4senezMUom8rIlv2O7s5Dy5RxAlXeiA5_bEjhb_bs-BKiOJkBOoj&_nc_ohc=MqQgdf0ZIosAX-8Z0gY&tn=FGCUm-Y2EbdIMPs3&_nc_ht=scontent.flhe2-1.fna&tp=27&oh=3ed52f9d49997b6b4e09cf2f7d24d9d0&oe=60CF4472,https://web.facebook.com/groups/308244236244419/,Microwave Oven Helpost,Public group  · 5 members
https://scontent.flhe2-2.fna.fbcdn.net/v/t1.30497-1/cp0/p60x60/116687302_959241714549285_318408173653384421_n.jpg?_nc_cat=1&ccb=1-3&_nc_sid=70495d&_nc_eui2=AeGEz7421Id3wm48GQHTE5A3U2VttAho9CNTZW20CGj0IzzgtQoYk9eg0fOiab25BlhI88RAuxuT-HEr76A5JMB4&_nc_ohc=GRaiw5YYRngAX_DlJ9X&_nc_ht=scontent.flhe2-2.fna&tp=27&oh=cc064a31c0a954f2aee4d47ac10ed155&oe=60CE4811,https://web.facebook.com/groups/372641382797443/,Microwave Oven Purchase in Mumbai,Public group  · 1 member
https://scontent.flhe2-2.fna.fbcdn.net/v/t1.30497-1/cp0/p60x60/116687302_959241714549285_318408173653384421_n.jpg?_nc_cat=1&ccb=1-3&_nc_sid=70495d&_nc_eui2=AeGEz7421Id3wm48GQHTE5A3U2VttAho9CNTZW20CGj0IzzgtQoYk9eg0fOiab25BlhI88RAuxuT-HEr76A5JMB4&_nc_ohc=GRaiw5YYRngAX_DlJ9X&_nc_ht=scontent.flhe2-2.fna&tp=27&oh=cc064a31c0a954f2aee4d47ac10ed155&oe=60CE4811,https://web.facebook.com/groups/37375087058/,Microwave ovens: a recipe for cancer,Public group  · 2 members
https://scontent.flhe2-2.fna.fbcdn.net/v/t31.18172-0/cp0/c24.0.64.64a/p64x64/14289854_155778794868758_7531196778663443116_o.jpg?_nc_cat=101&ccb=1-3&_nc_sid=70495d&_nc_eui2=AeH_XOFBaXqfGoB1onujBHwX7HSBanC3X53sdIFqcLdfnSX62J4hNPfedMx4DoEVOZ2FS4MOtIPXP8xZ4eQ84X3r&_nc_ohc=aBTsameqiLcAX8fyRHF&_nc_ht=scontent.flhe2-2.fna&tp=27&oh=6d5fdb5c874c7978ec1f14a35c8b7351&oe=60F0425A,https://web.facebook.com/groups/249691442098081/,microwave oven,Public group  · 3 members
https://scontent.flhe2-2.fna.fbcdn.net/v/t1.30497-1/cp0/p60x60/116687302_959241714549285_318408173653384421_n.jpg?_nc_cat=1&ccb=1-3&_nc_sid=70495d&_nc_eui2=AeGEz7421Id3wm48GQHTE5A3U2VttAho9CNTZW20CGj0IzzgtQoYk9eg0fOiab25BlhI88RAuxuT-HEr76A5JMB4&_nc_ohc=GRaiw5YYRngAX_DlJ9X&_nc_ht=scontent.flhe2-2.fna&tp=27&oh=cc064a31c0a954f2aee4d47ac10ed155&oe=60CE4811,https://web.facebook.com/groups/2866441370244184/,Microwave oven & Ups repairing Home Service,Public group  · 5 members
https://scontent.flhe2-1.fna.fbcdn.net/v/t1.6435-0/cp0/c0.16.64.64a/p64x64/149815841_246921030354612_4733554745228540615_n.jpg?_nc_cat=105&ccb=1-3&_nc_sid=70495d&_nc_eui2=AeG478US7kJ_rJDGeKW_GOOMZUigq72n8u9lSKCrvafy7xDZFK8QhMAIITPaMoWwzJjb8HEHsWZTc0WxNuS45EDO&_nc_ohc=bxzKHtI1l3YAX9ieMiQ&_nc_ht=scontent.flhe2-1.fna&tp=27&oh=6354d6efeb6c4bd2f60613da0c2bf6ba&oe=60CEDC36,https://web.facebook.com/groups/130383842223256/,Bulacan Repair Microwave oven and rice cooker,Public group  · 6 members
https://scontent.flhe2-1.fna.fbcdn.net/v/t1.6435-0/cp0/c23.0.64.64a/p64x64/39589379_2180689352202920_8813423713463566336_n.jpg?_nc_cat=105&ccb=1-3&_nc_sid=70495d&_nc_eui2=AeHKwtQGRRQMODD6_6rgCIcQehBQa4T8Dqh6EFBrhPwOqKTsqgQweOgh5TcVg4Pv5vVx2-fr6bQoODITq_JvNvya&_nc_ohc=01Cuz97XUjAAX9V1uiN&_nc_ht=scontent.flhe2-1.fna&tp=27&oh=6190f3dedd49f9664b86112bcc5f50bf&oe=60CE6533,https://web.facebook.com/groups/2062141244096849/,Vintage Microwave Oven Collectors,Private group  · 9 members
https://scontent.flhe2-2.fna.fbcdn.net/v/t1.30497-1/cp0/p60x60/116687302_959241714549285_318408173653384421_n.jpg?_nc_cat=1&ccb=1-3&_nc_sid=70495d&_nc_eui2=AeGEz7421Id3wm48GQHTE5A3U2VttAho9CNTZW20CGj0IzzgtQoYk9eg0fOiab25BlhI88RAuxuT-HEr76A5JMB4&_nc_ohc=GRaiw5YYRngAX_DlJ9X&_nc_ht=scontent.flhe2-2.fna&tp=27&oh=cc064a31c0a954f2aee4d47ac10ed155&oe=60CE4811,https://web.facebook.com/groups/37080822911/,people who are proud they don't have a microwave oven!,Public group  · 2 members
https://scontent.flhe2-2.fna.fbcdn.net/v/t31.18172-0/cp0/c24.0.64.64a/p64x64/10847471_1383480071970219_4407482063650292412_o.jpg?_nc_cat=108&ccb=1-3&_nc_sid=70495d&_nc_eui2=AeH5pKwAVuGCMqwjoLSBcnUsQTHpjg_DkZFBMemOD8ORkWUFXmZtQ8Wy8_wnLkYVX8BLbOf6dplU_R0rf0tN68dw&_nc_ohc=dAXZUd9lPM4AX8ZTPja&_nc_ht=scontent.flhe2-2.fna&tp=27&oh=05bfe2264fd6b5807654d1fe9907ff7e&oe=60F0F672,https://web.facebook.com/groups/1558603257733445/,Microwave and oven,Private group  · 7 members
https://scontent.flhe2-2.fna.fbcdn.net/v/t1.30497-1/cp0/p60x60/116687302_959241714549285_318408173653384421_n.jpg?_nc_cat=1&ccb=1-3&_nc_sid=70495d&_nc_eui2=AeGEz7421Id3wm48GQHTE5A3U2VttAho9CNTZW20CGj0IzzgtQoYk9eg0fOiab25BlhI88RAuxuT-HEr76A5JMB4&_nc_ohc=GRaiw5YYRngAX_DlJ9X&_nc_ht=scontent.flhe2-2.fna&tp=27&oh=cc064a31c0a954f2aee4d47ac10ed155&oe=60CE4811,https://web.facebook.com/groups/2868818576677533/,Shahid Microwave/Oven/Stove Repairs,Public group  · 8 members
https://scontent.flhe2-1.fna.fbcdn.net/v/t1.18169-0/cp0/c23.0.64.64a/p64x64/23244382_10214991755454439_8554301597829829247_n.jpg?_nc_cat=102&ccb=1-3&_nc_sid=70495d&_nc_eui2=AeGJqGFqAPvpL9eJV3yUXaT_A2-FlTjhSbsDb4WVOOFJu5eB3d54r0keBryzewIXkR4H_gUnVfOwRk4in1JnFAHN&_nc_ohc=1L6ILVYf1zEAX-sCW4B&_nc_ht=scontent.flhe2-1.fna&tp=27&oh=c39805f7b2b8e5562b1b0717bd35b4bf&oe=60CEA6AF,https://web.facebook.com/groups/MicrowaveOvenHealthEffects/,Microwave Oven Effects on Health and Foods,Public group  · 6 members
https://scontent.flhe2-2.fna.fbcdn.net/v/t31.18172-0/cp0/c25.0.64.64a/p64x64/14324390_337515839971318_4215134819379008421_o.jpg?_nc_cat=101&ccb=1-3&_nc_sid=70495d&_nc_eui2=AeHnuEdyQ0BAwQtwqkuq75nFP8gKi_bpPro_yAqL9uk-ulFH5D8iBjovD2nNTBUKV8_o5Dxd6xsHdMMJkoA1ONV0&_nc_ohc=1mMLH8u65VsAX9H0h_H&_nc_ht=scontent.flhe2-2.fna&tp=27&oh=60b5885e657eab62ed9b7b90e26696d1&oe=60EFD6C0,https://web.facebook.com/groups/1576112869362278/,how to use microwave oven and cook healthy,Public group  · 170 members
https://scontent.flhe2-2.fna.fbcdn.net/v/t1.30497-1/cp0/p60x60/116687302_959241714549285_318408173653384421_n.jpg?_nc_cat=1&ccb=1-3&_nc_sid=70495d&_nc_eui2=AeGEz7421Id3wm48GQHTE5A3U2VttAho9CNTZW20CGj0IzzgtQoYk9eg0fOiab25BlhI88RAuxuT-HEr76A5JMB4&_nc_ohc=GRaiw5YYRngAX_DlJ9X&_nc_ht=scontent.flhe2-2.fna&tp=27&oh=cc064a31c0a954f2aee4d47ac10ed155&oe=60CE4811,https://web.facebook.com/groups/147561648662728/,Portable Microwave Oven,Public group  · 3 members
https://scontent.flhe2-2.fna.fbcdn.net/v/t1.30497-1/cp0/p60x60/116687302_959241714549285_318408173653384421_n.jpg?_nc_cat=1&ccb=1-3&_nc_sid=70495d&_nc_eui2=AeGEz7421Id3wm48GQHTE5A3U2VttAho9CNTZW20CGj0IzzgtQoYk9eg0fOiab25BlhI88RAuxuT-HEr76A5JMB4&_nc_ohc=GRaiw5YYRngAX_DlJ9X&_nc_ht=scontent.flhe2-2.fna&tp=27&oh=cc064a31c0a954f2aee4d47ac10ed155&oe=60CE4811,https://web.facebook.com/groups/microovenservicecenter/,Microwave Oven Service Center Hyderabad,Public group  · 2 members
https://scontent.flhe2-1.fna.fbcdn.net/v/t1.6435-0/cp0/c16.0.64.64a/p64x64/132314837_2931755883728451_4025210485804736681_n.jpg?_nc_cat=107&ccb=1-3&_nc_sid=70495d&_nc_eui2=AeH3LThVGPtkT7WthTuZt-dh7hFVVMaal23uEVVUxpqXbf2xjtSlbRplhXsuCkZyUxM_JaYP0Kbu0Ki9IFBcC1i-&_nc_ohc=7PeX7Z-Kn3QAX_LHEmK&tn=FGCUm-Y2EbdIMPs3&_nc_ht=scontent.flhe2-1.fna&tp=27&oh=d3d27776e8bbb6151fc8332b2cee47a2&oe=60CDAD27,https://web.facebook.com/groups/1276088132771255/,"LED/LCD TV, Home Theater,Microwave oven,All Types Electronic Items Repering",Public group  · 16 members
https://scontent.flhe2-2.fna.fbcdn.net/v/t1.30497-1/cp0/p60x60/116687302_959241714549285_318408173653384421_n.jpg?_nc_cat=1&ccb=1-3&_nc_sid=70495d&_nc_eui2=AeGEz7421Id3wm48GQHTE5A3U2VttAho9CNTZW20CGj0IzzgtQoYk9eg0fOiab25BlhI88RAuxuT-HEr76A5JMB4&_nc_ohc=GRaiw5YYRngAX_DlJ9X&_nc_ht=scontent.flhe2-2.fna&tp=27&oh=cc064a31c0a954f2aee4d47ac10ed155&oe=60CE4811,https://web.facebook.com/groups/135615026494171/,Death to microwave ovens,Private group  · 19 members
https://scontent.flhe2-1.fna.fbcdn.net/v/t1.18169-0/cp0/c5.0.64.64a/p64x64/12072739_1493836534250036_7911791512887224689_n.jpg?_nc_cat=104&ccb=1-3&_nc_sid=70495d&_nc_eui2=AeEmzimbVsaswVlWbmto8uvoTskaph6NbiJOyRqmHo1uIqQJy1kuLnnlyKI-l45zPw_NMb3brRl9DZVZ6n0JGLQR&_nc_ohc=IeHZr1Q_mKoAX8kKNB1&_nc_ht=scontent.flhe2-1.fna&tp=27&oh=a294c82e05cea92892f75ac1ffc88a92&oe=60CDF210,https://web.facebook.com/groups/1032689606764011/,people against the use of microwave ovens,Public group  · 2 members
https://scontent.flhe2-2.fna.fbcdn.net/v/t31.18172-0/cp0/c16.0.64.64a/p64x64/17349923_10158551068500314_2476973692557674648_o.jpg?_nc_cat=106&ccb=1-3&_nc_sid=70495d&_nc_eui2=AeEuSfD5k0fmVT52mYIJ5Eit65XUhkmEZ4brldSGSYRnhmMMd6qMBa6LNBlEXaPne98DnRjFhM-TX-cWizHuJ52P&_nc_ohc=vMF3M2mkTHgAX931QjX&tn=FGCUm-Y2EbdIMPs3&_nc_ht=scontent.flhe2-2.fna&tp=27&oh=912485a559484d4675fc5ef75bffbfb3&oe=60F0EAFA,https://web.facebook.com/groups/1327079074053566/,Microwave Oven Camera Users,Public group  · 14 members
https://scontent.flhe2-2.fna.fbcdn.net/v/t1.30497-1/cp0/p60x60/116687302_959241714549285_318408173653384421_n.jpg?_nc_cat=1&ccb=1-3&_nc_sid=70495d&_nc_eui2=AeGEz7421Id3wm48GQHTE5A3U2VttAho9CNTZW20CGj0IzzgtQoYk9eg0fOiab25BlhI88RAuxuT-HEr76A5JMB4&_nc_ohc=GRaiw5YYRngAX_DlJ9X&_nc_ht=scontent.flhe2-2.fna&tp=27&oh=cc064a31c0a954f2aee4d47ac10ed155&oe=60CE4811,https://web.facebook.com/groups/279554668390/,Microwave ovens are shit!,Public group  · 2 members
https://scontent.flhe2-1.fna.fbcdn.net/v/t1.18169-0/cp0/c25.0.64.64a/p64x64/22154298_298031224012987_5622468695829603208_n.jpg?_nc_cat=102&ccb=1-3&_nc_sid=70495d&_nc_eui2=AeG4_YKZem_cGag1IuQtDB0iQrWrw6IVLjJCtavDohUuMqPduUyt6kTqKXwkt0BK0Ztq_4xMEhpHzyy6G30CLSDy&_nc_ohc=kwlHjxylFrgAX9BN_pS&_nc_ht=scontent.flhe2-1.fna&tp=27&oh=15ead5a0f112e97b19ce1bfda6dcc782&oe=60CF1037,https://web.facebook.com/groups/1297765220350703/,intelligence  A/C & FRIZE&WASHING MASHINE & MICROWAVE OVEN. tecnical work'$,Public group  · 9 members
https://scontent.flhe2-2.fna.fbcdn.net/v/t1.30497-1/cp0/p60x60/116687302_959241714549285_318408173653384421_n.jpg?_nc_cat=1&ccb=1-3&_nc_sid=70495d&_nc_eui2=AeGEz7421Id3wm48GQHTE5A3U2VttAho9CNTZW20CGj0IzzgtQoYk9eg0fOiab25BlhI88RAuxuT-HEr76A5JMB4&_nc_ohc=GRaiw5YYRngAX_DlJ9X&_nc_ht=scontent.flhe2-2.fna&tp=27&oh=cc064a31c0a954f2aee4d47ac10ed155&oe=60CE4811,https://web.facebook.com/groups/276315543606127/,Combi microwave oven gril. 35 pound Ono. Reason for sale fited kitchen,Public group  · 2 members
https://scontent.flhe2-2.fna.fbcdn.net/v/t1.30497-1/cp0/p60x60/116687302_959241714549285_318408173653384421_n.jpg?_nc_cat=1&ccb=1-3&_nc_sid=70495d&_nc_eui2=AeGEz7421Id3wm48GQHTE5A3U2VttAho9CNTZW20CGj0IzzgtQoYk9eg0fOiab25BlhI88RAuxuT-HEr76A5JMB4&_nc_ohc=GRaiw5YYRngAX_DlJ9X&_nc_ht=scontent.flhe2-2.fna&tp=27&oh=cc064a31c0a954f2aee4d47ac10ed155&oe=60CE4811,https://web.facebook.com/groups/316255965087714/,Faber Lowest  Price store Delhi buy Chimney Hob Oven Microwave dishwashers,Public group  · 44 members
https://scontent.flhe2-2.fna.fbcdn.net/v/t1.30497-1/cp0/p60x60/116687302_959241714549285_318408173653384421_n.jpg?_nc_cat=1&ccb=1-3&_nc_sid=70495d&_nc_eui2=AeGEz7421Id3wm48GQHTE5A3U2VttAho9CNTZW20CGj0IzzgtQoYk9eg0fOiab25BlhI88RAuxuT-HEr76A5JMB4&_nc_ohc=GRaiw5YYRngAX_DlJ9X&_nc_ht=scontent.flhe2-2.fna&tp=27&oh=cc064a31c0a954f2aee4d47ac10ed155&oe=60CE4811,https://web.facebook.com/groups/320716884648/,Microwave Oven Stealing!!!,Public group  · 1 member
https://scontent.flhe2-2.fna.fbcdn.net/v/t1.30497-1/cp0/p60x60/116687302_959241714549285_318408173653384421_n.jpg?_nc_cat=1&ccb=1-3&_nc_sid=70495d&_nc_eui2=AeGEz7421Id3wm48GQHTE5A3U2VttAho9CNTZW20CGj0IzzgtQoYk9eg0fOiab25BlhI88RAuxuT-HEr76A5JMB4&_nc_ohc=GRaiw5YYRngAX_DlJ9X&_nc_ht=scontent.flhe2-2.fna&tp=27&oh=cc064a31c0a954f2aee4d47ac10ed155&oe=60CE4811,https://web.facebook.com/groups/301101647839/,Flavorwave turbo microwave oven,Public group  · 1 member
https://scontent.flhe2-1.fna.fbcdn.net/v/t1.6435-0/cp0/c0.7.64.64a/p64x64/90993026_128794148699122_1780531168467222528_n.jpg?_nc_cat=110&ccb=1-3&_nc_sid=70495d&_nc_eui2=AeHYWu2GdjZ0EOsaMS_XukT3u_R7FlBgpmO79HsWUGCmY8edXfQWztn5v5sXK4DdgFTgm4xbL9oRft4mKRIc7Qpt&_nc_ohc=0PYkanHuqbAAX_AKX4u&_nc_ht=scontent.flhe2-1.fna&tp=27&oh=b83be15fe635c2bdb2ec190caa2621a5&oe=60CEA50D,https://web.facebook.com/groups/1800170956902263/,MICROWAVE + OVENS & INDUCTION COOKERS REPAIR FORUM GOES GLOBAL with SUHAIMI,Public group  · 4.1K members
https://scontent.flhe2-1.fna.fbcdn.net/v/t1.6435-0/cp0/c25.0.64.64a/p64x64/29177523_1751855338212098_104657430901686272_n.jpg?_nc_cat=104&ccb=1-3&_nc_sid=70495d&_nc_eui2=AeHjGaOmoSPHLO8WuGzL8WtYVCaCesU84y5UJoJ6xTzjLsp5V04JhQZ4dFhJyPxuzPi0ZHRUQNlBYEdhVpu0ItRK&_nc_ohc=PfIYQvASKscAX-bSeQE&tn=FGCUm-Y2EbdIMPs3&_nc_ht=scontent.flhe2-1.fna&tp=27&oh=62ce8b1d1d7ec45f03b9acf958681c1b&oe=60CF61D6,https://web.facebook.com/groups/597643830587575/,"The Best Microwave Oven Repairs In Ghana Q-nel Microwave Ovens,",Public group  · 815 members
https://scontent.flhe2-2.fna.fbcdn.net/v/t1.6435-0/cp0/p64x64/139365696_3997879123598372_2147375543940407634_n.jpg?_nc_cat=103&ccb=1-3&_nc_sid=70495d&_nc_eui2=AeGeJTjge40tDkIq2X5tagXpH4mOMkiPF54fiY4ySI8XnnRQ3a_tA9QhggGDIxto9bPTy9FPbCo1RhH35P4MLzOx&_nc_ohc=Q5JoXZDRCMYAX-vm1Uy&_nc_ht=scontent.flhe2-2.fna&tp=27&oh=aea03209c1849eca6748b99df18e08c4&oe=60CE78FB,https://web.facebook.com/groups/2852908334992358/,Samsung Smart Oven PH,Private group  · 145 members
https://scontent.flhe2-2.fna.fbcdn.net/v/t1.18169-0/cp0/c27.0.64.64a/p64x64/10170964_10152538937847275_6160771057720731858_n.jpg?_nc_cat=101&ccb=1-3&_nc_sid=70495d&_nc_eui2=AeFjLfy3NdzTjSCxf_BCeoVlq6u7V0MG8G-rq7tXQwbwbwlzhjwOAnVjbO61g3TGRxyHjQ1ar5z8LV9t_lsRhscu&_nc_ohc=v5C4KlxtNtsAX-A7Txl&_nc_ht=scontent.flhe2-2.fna&tp=27&oh=4caf6beae2d55f802e23948101eac4cf&oe=60CE8D66,https://web.facebook.com/groups/396700827050934/,Electronic Media,Public group  · 3.3K members
https://scontent.flhe2-2.fna.fbcdn.net/v/t1.6435-0/cp0/c0.0.64.64a/p64x64/113736816_148134493565283_22960952077047433_n.jpg?_nc_cat=106&ccb=1-3&_nc_sid=70495d&_nc_eui2=AeFK9GmFWt_LzT9HU6Y2VPQQ0E3oojmkdJ7QTeiiOaR0nnxOQDxK2obIxQu27utzXECQ_ZeP_wBj236xPgYyPPqY&_nc_ohc=QNXW_Mhhm1AAX-q87Fc&tn=FGCUm-Y2EbdIMPs3&_nc_ht=scontent.flhe2-2.fna&tp=27&oh=b983a713b3ba4797fda3a709eeeeb802&oe=60CE5840,https://web.facebook.com/groups/990269581484410/,Washing machine refrigerator and microwave oven service,Public group  · 533 members
https://scontent.flhe2-2.fna.fbcdn.net/v/t31.18172-0/cp0/c11.0.64.64a/p64x64/16300212_986557108154555_8789212895153085879_o.jpg?_nc_cat=100&ccb=1-3&_nc_sid=70495d&_nc_eui2=AeE9xdezU2PNjwVgN1WrYbImWR3pAU3Xr-xZHekBTdev7BegW6KfthUyRw2KP6PSD_0LKXmOsh4ztkv5xfZ7rHBK&_nc_ohc=z6fcBMt72dMAX-wh2bQ&tn=FGCUm-Y2EbdIMPs3&_nc_ht=scontent.flhe2-2.fna&tp=27&oh=dbf20c57bcb5673b422e35196879fbb8&oe=60F03631,https://web.facebook.com/groups/1652973245004151/,microwave cooking class,Public group  · 2.4K members
https://scontent.flhe2-1.fna.fbcdn.net/v/t1.6435-0/cp0/c40.0.64.64a/p64x64/116335977_3213581685390733_4128432855929578672_n.jpg?_nc_cat=104&ccb=1-3&_nc_sid=70495d&_nc_eui2=AeEcGc7Bo9okYuGxCoUlUJRtxXdPYxsCMtHFd09jGwIy0YUr3QpNoe_XpAGTLQsx4Bv_-EpbAJlAKGmZZxNxxjkQ&_nc_ohc=nww7IIcp_3kAX-CtSy9&_nc_ht=scontent.flhe2-1.fna&tp=27&oh=c8c68323d6cf345d017251d9dfdf312d&oe=60CE7398,https://web.facebook.com/groups/800370880478649/,"Washing machine,Refrigerator and microwave oven service",Private group  · 233 members
https://scontent.flhe2-1.fna.fbcdn.net/v/t1.18169-0/cp0/c16.0.64.64a/p64x64/14595681_1141983472503363_248775165396153140_n.jpg?_nc_cat=110&ccb=1-3&_nc_sid=70495d&_nc_eui2=AeEf0qd6D29GQ_L0t2IssiACySIzBlmmQirJIjMGWaZCKseYQUduWVEIwbIiBZqBiNkfBWGa-r4xpTFKHMZUee9X&_nc_ohc=Rsm64Lvy80AAX-UzPCQ&_nc_ht=scontent.flhe2-1.fna&tp=27&oh=716ed680b56adcc43512d1af9fcb60ea&oe=60CF4FE8,https://web.facebook.com/groups/1448103202150242/,Microwave Repair Centre,Public group  · 2.4K members
https://scontent.flhe2-2.fna.fbcdn.net/v/t1.6435-0/cp0/c0.16.64.64a/p64x64/155809304_10226170494195233_7496897565040391853_n.jpg?_nc_cat=108&ccb=1-3&_nc_sid=70495d&_nc_eui2=AeENkZ8uKAPql0ENOHQoM5iCvPEIZgpisd-88QhmCmKx3-_1SoCBWh_K9nt7zOO-BKvcW6g6VCIPqcRytl_07rRV&_nc_ohc=7IoOkvnUpMgAX8neKEH&_nc_ht=scontent.flhe2-2.fna&tp=27&oh=00966c96843fcf68c43d7723180a302a&oe=60CEADE8,https://web.facebook.com/groups/431357251507790/,PowerXL Microwave Air Fryer Bake User Group,Public group  · 55 members
https://scontent.flhe2-2.fna.fbcdn.net/v/t1.18169-0/cp0/c45.0.64.64a/p64x64/18767786_10155378021929854_1885557992230633557_n.jpg?_nc_cat=106&ccb=1-3&_nc_sid=70495d&_nc_eui2=AeGhQVcv4ATtsDB2CU3P43jqXbUywROkgGldtTLBE6SAaaF7iCpx35ULFE55sCFVaKXJK2UYDR5tav-6vJnGkXqw&_nc_ohc=Ra8pmrCOsdoAX9r2hwn&_nc_ht=scontent.flhe2-2.fna&tp=27&oh=e8e469fb7b32ab06b6c2770dba3f0c19&oe=60CE9706,https://web.facebook.com/groups/235117593179177/,Microwave Cooking Enthusiasts,Private group  · 3.3K members
https://scontent.flhe2-2.fna.fbcdn.net/v/t1.6435-0/cp0/c16.0.64.64a/p64x64/123515731_10158851177702288_1103665328955229633_n.jpg?_nc_cat=108&ccb=1-3&_nc_sid=70495d&_nc_eui2=AeH463v3MVfq5u0KyVUVp4tP03AKPyhcK97TcAo_KFwr3i2ckN9qeVQJYBRURyoA-5Daq79mvjq8YSihrZDDwnPW&_nc_ohc=UIwV6stUD8cAX-l56Rt&_nc_ht=scontent.flhe2-2.fna&tp=27&oh=1112f35c59c41b997bb14dd68bc78cdd&oe=60CF52D0,https://web.facebook.com/groups/365144394722565/,Breville 3 n 1 combi microwave,Private group  · 401 members
https://scontent.flhe2-2.fna.fbcdn.net/v/t1.18169-0/cp0/c25.0.64.64a/p64x64/26231440_10214895579088830_3646722750991219730_n.jpg?_nc_cat=101&ccb=1-3&_nc_sid=70495d&_nc_eui2=AeFplLhrYqifEpmmtyF5NrRpNhM494S5N0g2Ezj3hLk3SHoKS_Gh2e9mTGWXYj_-WGvura0In--vRJ872zTdMXIf&_nc_ohc=ImERHPi0mQMAX99INL9&_nc_ht=scontent.flhe2-2.fna&tp=27&oh=bee937ec26e425adb5965fcea1ced71e&oe=60CEF52A,https://web.facebook.com/groups/159258634703907/,RV convection-microwave oven cooking,Public group  · 2.5K members
https://scontent.flhe2-2.fna.fbcdn.net/v/t1.18169-0/cp0/p64x64/579580_1349854561695231_994123667632637519_n.jpg?_nc_cat=106&ccb=1-3&_nc_sid=70495d&_nc_eui2=AeFpl1bFA_e_ad_BW0kuBu6K2LJ3Xzy6pFbYsndfPLqkVgHxOq77N1-h7FsDSKeI6aI7loNK--8_WjINGtaN5yO3&_nc_ohc=_RJjM-j-GRkAX9zQ4B8&_nc_ht=scontent.flhe2-2.fna&tp=27&oh=b0b988a49cf9f058cfadcc64a370eeb6&oe=60CDC387,https://web.facebook.com/groups/767170070084902/,TURBO CONVECTION OVEN RECIPES,Private group  · 5.2K members
https://scontent.flhe2-2.fna.fbcdn.net/v/t1.6435-0/cp0/c24.0.64.64a/p64x64/40609410_1938374536227518_1828412610639298560_n.jpg?_nc_cat=100&ccb=1-3&_nc_sid=70495d&_nc_eui2=AeHiHhpxdxJHs5IlvbphEcPg48Kg0kM6u-_jwqDSQzq770eirFOSaeoChKrgjPt2rXXoOcQNs6ijHx5Rwn4Ty6lQ&_nc_ohc=6t4LbuGXc-YAX9ggLP_&_nc_ht=scontent.flhe2-2.fna&tp=27&oh=5dfed865f0c86377b99b05ace0d46fd1&oe=60CF657E,https://web.facebook.com/groups/419304658597097/,MicroWave Cookin Recipes',Private group  · 1.3K members
https://scontent.flhe2-2.fna.fbcdn.net/v/t1.6435-0/cp0/c11.0.64.64a/p64x64/158460682_2740450466268122_879687138595469692_n.jpg?_nc_cat=108&ccb=1-3&_nc_sid=70495d&_nc_eui2=AeFwJKYtlCP80t0-Vl19ZYX6C4PWUB77NDoLg9ZQHvs0OuGlKL4GRNFYGylXIP9mtJGgKsr5gt8PmIxa4ghd1_2o&_nc_ohc=7Ux0Ji70F8UAX8FHSJk&_nc_ht=scontent.flhe2-2.fna&tp=27&oh=a439cb978c6e4306af28581f38a3c9d3&oe=60CE51D6,https://web.facebook.com/groups/371891113559308/,industrial microwave oven dryer,Public group  · 44 members
https://scontent.flhe2-1.fna.fbcdn.net/v/t1.6435-0/cp0/c25.0.64.64a/p64x64/198630172_2317720025028705_4601844373531336546_n.jpg?_nc_cat=105&ccb=1-3&_nc_sid=70495d&_nc_eui2=AeG96xa8edRNyAdGpfgK1UHNiIUE1RC4bCGIhQTVELhsIYLofrqB_b3QGuM7Ehp9PDUZOi0lvViwVbEIwq0hE8AL&_nc_ohc=UQSww-ZG_YsAX_K0DwS&_nc_ht=scontent.flhe2-1.fna&tp=27&oh=0c33915579c6b00c1ad65ccdc2017242&oe=60CEB33D,https://web.facebook.com/groups/289032362620268/,IFB washing machine&microwave oven repair hooghly to bally,Public group  · 3 members
https://scontent.flhe2-1.fna.fbcdn.net/v/t1.6435-0/cp0/c30.0.64.64a/p64x64/150519783_1827046240785708_3262984930821959620_n.jpg?_nc_cat=107&ccb=1-3&_nc_sid=70495d&_nc_eui2=AeGaeYiWkp9o3sljqzNehx8SOdeGutyIQdk514a63IhB2UkMuM6k8w45tFnyL4tXpkH1MtBMn8EljmngmYA_PDX1&_nc_ohc=PA5IzOVqCVYAX_wMs3z&tn=FGCUm-Y2EbdIMPs3&_nc_ht=scontent.flhe2-1.fna&tp=27&oh=ad283ddf8a40215a8c8ba01205aa94ec&oe=60CEC1A5,https://web.facebook.com/groups/505964160530672/,fridge ac washing machine microwave oven service and repair.(kaniyakumari),Public group  · 95 members
https://scontent.flhe2-2.fna.fbcdn.net/v/t1.6435-0/cp0/c10.0.64.64a/p64x64/61157171_10218681314719429_1946206332159787008_n.jpg?_nc_cat=108&ccb=1-3&_nc_sid=70495d&_nc_eui2=AeGm8ln96lKLN-ii3NO-z2LsDZhMdxr-ay4NmEx3Gv5rLvPyqtSqdqBG5mk3vM08pi6ip7oAtV4y4C1-4igZKL5x&_nc_ohc=Co25x01pgncAX9KKAtN&_nc_ht=scontent.flhe2-2.fna&tp=27&oh=fadfa933f9c9c31cc407bdb2a4604200&oe=60CDE479,https://web.facebook.com/groups/834048050305487/,Vintage Microwave Oven Collectors International,Public group  · 30 members
https://scontent.flhe2-2.fna.fbcdn.net/v/t1.6435-0/cp0/c1.0.64.64a/p64x64/58719892_2471625282849814_8691411294676320256_n.jpg?_nc_cat=101&ccb=1-3&_nc_sid=70495d&_nc_eui2=AeGbrQlnfGxyVTAmC0NxPJ3vh59b1lm-Dk-Hn1vWWb4OT8ZWC5NLFsuH3uxm1JCvzBwzxD7HJ9a4j4G8YXoXndHP&_nc_ohc=gqI4zciLiDkAX8RKpxr&_nc_ht=scontent.flhe2-2.fna&tp=27&oh=b84b8399ee5ab02764df8a6bc7845b45&oe=60CEE26C,https://web.facebook.com/groups/1734540520125756/,"My collection of recipes part1 (Only Veg)#Microwave &""Useful""Tips n hacks..",Private group  · 9.5K members
https://scontent.flhe2-2.fna.fbcdn.net/v/t1.30497-1/cp0/p60x60/116687302_959241714549285_318408173653384421_n.jpg?_nc_cat=1&ccb=1-3&_nc_sid=70495d&_nc_eui2=AeGEz7421Id3wm48GQHTE5A3U2VttAho9CNTZW20CGj0IzzgtQoYk9eg0fOiab25BlhI88RAuxuT-HEr76A5JMB4&_nc_ohc=GRaiw5YYRngAX_DlJ9X&_nc_ht=scontent.flhe2-2.fna&tp=27&oh=cc064a31c0a954f2aee4d47ac10ed155&oe=60CE4811,https://web.facebook.com/groups/485341044969410/,"Refrigerator,microwave oven,washing machine  repairing group",Private group  · 74 members
https://scontent.flhe2-1.fna.fbcdn.net/v/t1.18169-0/cp0/c19.0.64.64a/p64x64/14440658_10211123450867023_4420585852191045034_n.jpg?_nc_cat=102&ccb=1-3&_nc_sid=70495d&_nc_eui2=AeFjjy5J6TYg2jyNqXUWZEuMOhFfIWZPjZQ6EV8hZk-NlMatqWkzSE3aXG1X9dTJYTE34Vb7AziH_NO-GwI646uu&_nc_ohc=33I-b_SclkIAX_OuVZN&_nc_ht=scontent.flhe2-1.fna&tp=27&oh=2f09f74ae2959376c29254828c8eefe6&oe=60CEEED1,https://web.facebook.com/groups/146537090467/,Microwave oven technology,Public group  · 12 members
https://scontent.flhe2-1.fna.fbcdn.net/v/t31.18172-0/cp0/c11.0.64.64a/p64x64/17097194_1681467845481211_4981128482984214249_o.jpg?_nc_cat=109&ccb=1-3&_nc_sid=70495d&_nc_eui2=AeHtnE3mEZ56CPw0BhfoUfL3nyR7bn19n1SfJHtufX2fVH75EylIlOZs8PCr7gu0D11a6c0LVlvvfMXtgruTApYD&_nc_ohc=L0C0tpmQSE8AX-_VSih&_nc_ht=scontent.flhe2-1.fna&tp=27&oh=e537685c75df340060824f40183e00e9&oe=60ED3AEE,https://web.facebook.com/groups/1030622193630556/,lg microwave house club,Public group  · 423 members
https://scontent.flhe2-1.fna.fbcdn.net/v/t1.18169-0/cp0/c0.4.64.64a/p64x64/16196008_1349345788465113_4998956343446898642_n.jpg?_nc_cat=104&ccb=1-3&_nc_sid=70495d&_nc_eui2=AeFv1BQDqdEXv0MNdd0sMPJXQeLHp3szFKJB4senezMUom8rIlv2O7s5Dy5RxAlXeiA5_bEjhb_bs-BKiOJkBOoj&_nc_ohc=MqQgdf0ZIosAX-8Z0gY&tn=FGCUm-Y2EbdIMPs3&_nc_ht=scontent.flhe2-1.fna&tp=27&oh=3ed52f9d49997b6b4e09cf2f7d24d9d0&oe=60CF4472,https://web.facebook.com/groups/308244236244419/,Microwave Oven Helpost,Public group  · 5 members
https://scontent.flhe2-2.fna.fbcdn.net/v/t1.30497-1/cp0/p60x60/116687302_959241714549285_318408173653384421_n.jpg?_nc_cat=1&ccb=1-3&_nc_sid=70495d&_nc_eui2=AeGEz7421Id3wm48GQHTE5A3U2VttAho9CNTZW20CGj0IzzgtQoYk9eg0fOiab25BlhI88RAuxuT-HEr76A5JMB4&_nc_ohc=GRaiw5YYRngAX_DlJ9X&_nc_ht=scontent.flhe2-2.fna&tp=27&oh=cc064a31c0a954f2aee4d47ac10ed155&oe=60CE4811,https://web.facebook.com/groups/372641382797443/,Microwave Oven Purchase in Mumbai,Public group  · 1 member
https://scontent.flhe2-2.fna.fbcdn.net/v/t1.30497-1/cp0/p60x60/116687302_959241714549285_318408173653384421_n.jpg?_nc_cat=1&ccb=1-3&_nc_sid=70495d&_nc_eui2=AeGEz7421Id3wm48GQHTE5A3U2VttAho9CNTZW20CGj0IzzgtQoYk9eg0fOiab25BlhI88RAuxuT-HEr76A5JMB4&_nc_ohc=GRaiw5YYRngAX_DlJ9X&_nc_ht=scontent.flhe2-2.fna&tp=27&oh=cc064a31c0a954f2aee4d47ac10ed155&oe=60CE4811,https://web.facebook.com/groups/37375087058/,Microwave ovens: a recipe for cancer,Public group  · 2 members
https://scontent.flhe2-2.fna.fbcdn.net/v/t31.18172-0/cp0/c24.0.64.64a/p64x64/14289854_155778794868758_7531196778663443116_o.jpg?_nc_cat=101&ccb=1-3&_nc_sid=70495d&_nc_eui2=AeH_XOFBaXqfGoB1onujBHwX7HSBanC3X53sdIFqcLdfnSX62J4hNPfedMx4DoEVOZ2FS4MOtIPXP8xZ4eQ84X3r&_nc_ohc=aBTsameqiLcAX8fyRHF&_nc_ht=scontent.flhe2-2.fna&tp=27&oh=6d5fdb5c874c7978ec1f14a35c8b7351&oe=60F0425A,https://web.facebook.com/groups/249691442098081/,microwave oven,Public group  · 3 members
https://scontent.flhe2-2.fna.fbcdn.net/v/t1.30497-1/cp0/p60x60/116687302_959241714549285_318408173653384421_n.jpg?_nc_cat=1&ccb=1-3&_nc_sid=70495d&_nc_eui2=AeGEz7421Id3wm48GQHTE5A3U2VttAho9CNTZW20CGj0IzzgtQoYk9eg0fOiab25BlhI88RAuxuT-HEr76A5JMB4&_nc_ohc=GRaiw5YYRngAX_DlJ9X&_nc_ht=scontent.flhe2-2.fna&tp=27&oh=cc064a31c0a954f2aee4d47ac10ed155&oe=60CE4811,https://web.facebook.com/groups/2866441370244184/,Microwave oven & Ups repairing Home Service,Public group  · 5 members
https://scontent.flhe2-1.fna.fbcdn.net/v/t1.6435-0/cp0/c0.16.64.64a/p64x64/149815841_246921030354612_4733554745228540615_n.jpg?_nc_cat=105&ccb=1-3&_nc_sid=70495d&_nc_eui2=AeG478US7kJ_rJDGeKW_GOOMZUigq72n8u9lSKCrvafy7xDZFK8QhMAIITPaMoWwzJjb8HEHsWZTc0WxNuS45EDO&_nc_ohc=bxzKHtI1l3YAX9ieMiQ&_nc_ht=scontent.flhe2-1.fna&tp=27&oh=6354d6efeb6c4bd2f60613da0c2bf6ba&oe=60CEDC36,https://web.facebook.com/groups/130383842223256/,Bulacan Repair Microwave oven and rice cooker,Public group  · 6 members
https://scontent.flhe2-1.fna.fbcdn.net/v/t1.6435-0/cp0/c23.0.64.64a/p64x64/39589379_2180689352202920_8813423713463566336_n.jpg?_nc_cat=105&ccb=1-3&_nc_sid=70495d&_nc_eui2=AeHKwtQGRRQMODD6_6rgCIcQehBQa4T8Dqh6EFBrhPwOqKTsqgQweOgh5TcVg4Pv5vVx2-fr6bQoODITq_JvNvya&_nc_ohc=01Cuz97XUjAAX9V1uiN&_nc_ht=scontent.flhe2-1.fna&tp=27&oh=6190f3dedd49f9664b86112bcc5f50bf&oe=60CE6533,https://web.facebook.com/groups/2062141244096849/,Vintage Microwave Oven Collectors,Private group  · 9 members
https://scontent.flhe2-2.fna.fbcdn.net/v/t1.30497-1/cp0/p60x60/116687302_959241714549285_318408173653384421_n.jpg?_nc_cat=1&ccb=1-3&_nc_sid=70495d&_nc_eui2=AeGEz7421Id3wm48GQHTE5A3U2VttAho9CNTZW20CGj0IzzgtQoYk9eg0fOiab25BlhI88RAuxuT-HEr76A5JMB4&_nc_ohc=GRaiw5YYRngAX_DlJ9X&_nc_ht=scontent.flhe2-2.fna&tp=27&oh=cc064a31c0a954f2aee4d47ac10ed155&oe=60CE4811,https://web.facebook.com/groups/37080822911/,people who are proud they don't have a microwave oven!,Public group  · 2 members
https://scontent.flhe2-2.fna.fbcdn.net/v/t31.18172-0/cp0/c24.0.64.64a/p64x64/10847471_1383480071970219_4407482063650292412_o.jpg?_nc_cat=108&ccb=1-3&_nc_sid=70495d&_nc_eui2=AeH5pKwAVuGCMqwjoLSBcnUsQTHpjg_DkZFBMemOD8ORkWUFXmZtQ8Wy8_wnLkYVX8BLbOf6dplU_R0rf0tN68dw&_nc_ohc=dAXZUd9lPM4AX8ZTPja&_nc_ht=scontent.flhe2-2.fna&tp=27&oh=05bfe2264fd6b5807654d1fe9907ff7e&oe=60F0F672,https://web.facebook.com/groups/1558603257733445/,Microwave and oven,Private group  · 7 members
https://scontent.flhe2-2.fna.fbcdn.net/v/t1.30497-1/cp0/p60x60/116687302_959241714549285_318408173653384421_n.jpg?_nc_cat=1&ccb=1-3&_nc_sid=70495d&_nc_eui2=AeGEz7421Id3wm48GQHTE5A3U2VttAho9CNTZW20CGj0IzzgtQoYk9eg0fOiab25BlhI88RAuxuT-HEr76A5JMB4&_nc_ohc=GRaiw5YYRngAX_DlJ9X&_nc_ht=scontent.flhe2-2.fna&tp=27&oh=cc064a31c0a954f2aee4d47ac10ed155&oe=60CE4811,https://web.facebook.com/groups/2868818576677533/,Shahid Microwave/Oven/Stove Repairs,Public group  · 8 members
https://scontent.flhe2-1.fna.fbcdn.net/v/t1.18169-0/cp0/c23.0.64.64a/p64x64/23244382_10214991755454439_8554301597829829247_n.jpg?_nc_cat=102&ccb=1-3&_nc_sid=70495d&_nc_eui2=AeGJqGFqAPvpL9eJV3yUXaT_A2-FlTjhSbsDb4WVOOFJu5eB3d54r0keBryzewIXkR4H_gUnVfOwRk4in1JnFAHN&_nc_ohc=1L6ILVYf1zEAX-sCW4B&_nc_ht=scontent.flhe2-1.fna&tp=27&oh=c39805f7b2b8e5562b1b0717bd35b4bf&oe=60CEA6AF,https://web.facebook.com/groups/MicrowaveOvenHealthEffects/,Microwave Oven Effects on Health and Foods,Public group  · 6 members
https://scontent.flhe2-2.fna.fbcdn.net/v/t31.18172-0/cp0/c25.0.64.64a/p64x64/14324390_337515839971318_4215134819379008421_o.jpg?_nc_cat=101&ccb=1-3&_nc_sid=70495d&_nc_eui2=AeHnuEdyQ0BAwQtwqkuq75nFP8gKi_bpPro_yAqL9uk-ulFH5D8iBjovD2nNTBUKV8_o5Dxd6xsHdMMJkoA1ONV0&_nc_ohc=1mMLH8u65VsAX9H0h_H&_nc_ht=scontent.flhe2-2.fna&tp=27&oh=60b5885e657eab62ed9b7b90e26696d1&oe=60EFD6C0,https://web.facebook.com/groups/1576112869362278/,how to use microwave oven and cook healthy,Public group  · 170 members
https://scontent.flhe2-2.fna.fbcdn.net/v/t1.30497-1/cp0/p60x60/116687302_959241714549285_318408173653384421_n.jpg?_nc_cat=1&ccb=1-3&_nc_sid=70495d&_nc_eui2=AeGEz7421Id3wm48GQHTE5A3U2VttAho9CNTZW20CGj0IzzgtQoYk9eg0fOiab25BlhI88RAuxuT-HEr76A5JMB4&_nc_ohc=GRaiw5YYRngAX_DlJ9X&_nc_ht=scontent.flhe2-2.fna&tp=27&oh=cc064a31c0a954f2aee4d47ac10ed155&oe=60CE4811,https://web.facebook.com/groups/147561648662728/,Portable Microwave Oven,Public group  · 3 members
https://scontent.flhe2-2.fna.fbcdn.net/v/t1.30497-1/cp0/p60x60/116687302_959241714549285_318408173653384421_n.jpg?_nc_cat=1&ccb=1-3&_nc_sid=70495d&_nc_eui2=AeGEz7421Id3wm48GQHTE5A3U2VttAho9CNTZW20CGj0IzzgtQoYk9eg0fOiab25BlhI88RAuxuT-HEr76A5JMB4&_nc_ohc=GRaiw5YYRngAX_DlJ9X&_nc_ht=scontent.flhe2-2.fna&tp=27&oh=cc064a31c0a954f2aee4d47ac10ed155&oe=60CE4811,https://web.facebook.com/groups/microovenservicecenter/,Microwave Oven Service Center Hyderabad,Public group  · 2 members
https://scontent.flhe2-1.fna.fbcdn.net/v/t1.6435-0/cp0/c16.0.64.64a/p64x64/132314837_2931755883728451_4025210485804736681_n.jpg?_nc_cat=107&ccb=1-3&_nc_sid=70495d&_nc_eui2=AeH3LThVGPtkT7WthTuZt-dh7hFVVMaal23uEVVUxpqXbf2xjtSlbRplhXsuCkZyUxM_JaYP0Kbu0Ki9IFBcC1i-&_nc_ohc=7PeX7Z-Kn3QAX_LHEmK&tn=FGCUm-Y2EbdIMPs3&_nc_ht=scontent.flhe2-1.fna&tp=27&oh=d3d27776e8bbb6151fc8332b2cee47a2&oe=60CDAD27,https://web.facebook.com/groups/1276088132771255/,"LED/LCD TV, Home Theater,Microwave oven,All Types Electronic Items Repering",Public group  · 16 members
https://scontent.flhe2-2.fna.fbcdn.net/v/t1.30497-1/cp0/p60x60/116687302_959241714549285_318408173653384421_n.jpg?_nc_cat=1&ccb=1-3&_nc_sid=70495d&_nc_eui2=AeGEz7421Id3wm48GQHTE5A3U2VttAho9CNTZW20CGj0IzzgtQoYk9eg0fOiab25BlhI88RAuxuT-HEr76A5JMB4&_nc_ohc=GRaiw5YYRngAX_DlJ9X&_nc_ht=scontent.flhe2-2.fna&tp=27&oh=cc064a31c0a954f2aee4d47ac10ed155&oe=60CE4811,https://web.facebook.com/groups/135615026494171/,Death to microwave ovens,Private group  · 19 members
https://scontent.flhe2-1.fna.fbcdn.net/v/t1.18169-0/cp0/c5.0.64.64a/p64x64/12072739_1493836534250036_7911791512887224689_n.jpg?_nc_cat=104&ccb=1-3&_nc_sid=70495d&_nc_eui2=AeEmzimbVsaswVlWbmto8uvoTskaph6NbiJOyRqmHo1uIqQJy1kuLnnlyKI-l45zPw_NMb3brRl9DZVZ6n0JGLQR&_nc_ohc=IeHZr1Q_mKoAX8kKNB1&_nc_ht=scontent.flhe2-1.fna&tp=27&oh=a294c82e05cea92892f75ac1ffc88a92&oe=60CDF210,https://web.facebook.com/groups/1032689606764011/,people against the use of microwave ovens,Public group  · 2 members
https://scontent.flhe2-2.fna.fbcdn.net/v/t31.18172-0/cp0/c16.0.64.64a/p64x64/17349923_10158551068500314_2476973692557674648_o.jpg?_nc_cat=106&ccb=1-3&_nc_sid=70495d&_nc_eui2=AeEuSfD5k0fmVT52mYIJ5Eit65XUhkmEZ4brldSGSYRnhmMMd6qMBa6LNBlEXaPne98DnRjFhM-TX-cWizHuJ52P&_nc_ohc=vMF3M2mkTHgAX931QjX&tn=FGCUm-Y2EbdIMPs3&_nc_ht=scontent.flhe2-2.fna&tp=27&oh=912485a559484d4675fc5ef75bffbfb3&oe=60F0EAFA,https://web.facebook.com/groups/1327079074053566/,Microwave Oven Camera Users,Public group  · 14 members
https://scontent.flhe2-2.fna.fbcdn.net/v/t1.30497-1/cp0/p60x60/116687302_959241714549285_318408173653384421_n.jpg?_nc_cat=1&ccb=1-3&_nc_sid=70495d&_nc_eui2=AeGEz7421Id3wm48GQHTE5A3U2VttAho9CNTZW20CGj0IzzgtQoYk9eg0fOiab25BlhI88RAuxuT-HEr76A5JMB4&_nc_ohc=GRaiw5YYRngAX_DlJ9X&_nc_ht=scontent.flhe2-2.fna&tp=27&oh=cc064a31c0a954f2aee4d47ac10ed155&oe=60CE4811,https://web.facebook.com/groups/279554668390/,Microwave ovens are shit!,Public group  · 2 members
https://scontent.flhe2-1.fna.fbcdn.net/v/t1.18169-0/cp0/c25.0.64.64a/p64x64/22154298_298031224012987_5622468695829603208_n.jpg?_nc_cat=102&ccb=1-3&_nc_sid=70495d&_nc_eui2=AeG4_YKZem_cGag1IuQtDB0iQrWrw6IVLjJCtavDohUuMqPduUyt6kTqKXwkt0BK0Ztq_4xMEhpHzyy6G30CLSDy&_nc_ohc=kwlHjxylFrgAX9BN_pS&_nc_ht=scontent.flhe2-1.fna&tp=27&oh=15ead5a0f112e97b19ce1bfda6dcc782&oe=60CF1037,https://web.facebook.com/groups/1297765220350703/,intelligence  A/C & FRIZE&WASHING MASHINE & MICROWAVE OVEN. tecnical work'$,Public group  · 9 members
https://scontent.flhe2-2.fna.fbcdn.net/v/t1.30497-1/cp0/p60x60/116687302_959241714549285_318408173653384421_n.jpg?_nc_cat=1&ccb=1-3&_nc_sid=70495d&_nc_eui2=AeGEz7421Id3wm48GQHTE5A3U2VttAho9CNTZW20CGj0IzzgtQoYk9eg0fOiab25BlhI88RAuxuT-HEr76A5JMB4&_nc_ohc=GRaiw5YYRngAX_DlJ9X&_nc_ht=scontent.flhe2-2.fna&tp=27&oh=cc064a31c0a954f2aee4d47ac10ed155&oe=60CE4811,https://web.facebook.com/groups/276315543606127/,Combi microwave oven gril. 35 pound Ono. Reason for sale fited kitchen,Public group  · 2 members
https://scontent.flhe2-2.fna.fbcdn.net/v/t1.30497-1/cp0/p60x60/116687302_959241714549285_318408173653384421_n.jpg?_nc_cat=1&ccb=1-3&_nc_sid=70495d&_nc_eui2=AeGEz7421Id3wm48GQHTE5A3U2VttAho9CNTZW20CGj0IzzgtQoYk9eg0fOiab25BlhI88RAuxuT-HEr76A5JMB4&_nc_ohc=GRaiw5YYRngAX_DlJ9X&_nc_ht=scontent.flhe2-2.fna&tp=27&oh=cc064a31c0a954f2aee4d47ac10ed155&oe=60CE4811,https://web.facebook.com/groups/316255965087714/,Faber Lowest  Price store Delhi buy Chimney Hob Oven Microwave dishwashers,Public group  · 44 members
https://scontent.flhe2-2.fna.fbcdn.net/v/t1.30497-1/cp0/p60x60/116687302_959241714549285_318408173653384421_n.jpg?_nc_cat=1&ccb=1-3&_nc_sid=70495d&_nc_eui2=AeGEz7421Id3wm48GQHTE5A3U2VttAho9CNTZW20CGj0IzzgtQoYk9eg0fOiab25BlhI88RAuxuT-HEr76A5JMB4&_nc_ohc=GRaiw5YYRngAX_DlJ9X&_nc_ht=scontent.flhe2-2.fna&tp=27&oh=cc064a31c0a954f2aee4d47ac10ed155&oe=60CE4811,https://web.facebook.com/groups/320716884648/,Microwave Oven Stealing!!!,Public group  · 1 member
https://scontent.flhe2-2.fna.fbcdn.net/v/t1.30497-1/cp0/p60x60/116687302_959241714549285_318408173653384421_n.jpg?_nc_cat=1&ccb=1-3&_nc_sid=70495d&_nc_eui2=AeGEz7421Id3wm48GQHTE5A3U2VttAho9CNTZW20CGj0IzzgtQoYk9eg0fOiab25BlhI88RAuxuT-HEr76A5JMB4&_nc_ohc=GRaiw5YYRngAX_DlJ9X&_nc_ht=scontent.flhe2-2.fna&tp=27&oh=cc064a31c0a954f2aee4d47ac10ed155&oe=60CE4811,https://web.facebook.com/groups/301101647839/,Flavorwave turbo microwave oven,Public group  · 1 member
https://scontent.flhe2-1.fna.fbcdn.net/v/t1.6435-0/cp0/c0.7.64.64a/p64x64/90993026_128794148699122_1780531168467222528_n.jpg?_nc_cat=110&ccb=1-3&_nc_sid=70495d&_nc_eui2=AeHYWu2GdjZ0EOsaMS_XukT3u_R7FlBgpmO79HsWUGCmY8edXfQWztn5v5sXK4DdgFTgm4xbL9oRft4mKRIc7Qpt&_nc_ohc=0PYkanHuqbAAX_AKX4u&_nc_ht=scontent.flhe2-1.fna&tp=27&oh=b83be15fe635c2bdb2ec190caa2621a5&oe=60CEA50D,https://web.facebook.com/groups/1800170956902263/,MICROWAVE + OVENS & INDUCTION COOKERS REPAIR FORUM GOES GLOBAL with SUHAIMI,Public group  · 4.1K members
https://scontent.flhe2-1.fna.fbcdn.net/v/t1.6435-0/cp0/c25.0.64.64a/p64x64/29177523_1751855338212098_104657430901686272_n.jpg?_nc_cat=104&ccb=1-3&_nc_sid=70495d&_nc_eui2=AeHjGaOmoSPHLO8WuGzL8WtYVCaCesU84y5UJoJ6xTzjLsp5V04JhQZ4dFhJyPxuzPi0ZHRUQNlBYEdhVpu0ItRK&_nc_ohc=PfIYQvASKscAX-bSeQE&tn=FGCUm-Y2EbdIMPs3&_nc_ht=scontent.flhe2-1.fna&tp=27&oh=62ce8b1d1d7ec45f03b9acf958681c1b&oe=60CF61D6,https://web.facebook.com/groups/597643830587575/,"The Best Microwave Oven Repairs In Ghana Q-nel Microwave Ovens,",Public group  · 815 members
https://scontent.flhe2-2.fna.fbcdn.net/v/t1.6435-0/cp0/p64x64/139365696_3997879123598372_2147375543940407634_n.jpg?_nc_cat=103&ccb=1-3&_nc_sid=70495d&_nc_eui2=AeGeJTjge40tDkIq2X5tagXpH4mOMkiPF54fiY4ySI8XnnRQ3a_tA9QhggGDIxto9bPTy9FPbCo1RhH35P4MLzOx&_nc_ohc=Q5JoXZDRCMYAX-vm1Uy&_nc_ht=scontent.flhe2-2.fna&tp=27&oh=aea03209c1849eca6748b99df18e08c4&oe=60CE78FB,https://web.facebook.com/groups/2852908334992358/,Samsung Smart Oven PH,Private group  · 145 members
https://scontent.flhe2-2.fna.fbcdn.net/v/t1.18169-0/cp0/c27.0.64.64a/p64x64/10170964_10152538937847275_6160771057720731858_n.jpg?_nc_cat=101&ccb=1-3&_nc_sid=70495d&_nc_eui2=AeFjLfy3NdzTjSCxf_BCeoVlq6u7V0MG8G-rq7tXQwbwbwlzhjwOAnVjbO61g3TGRxyHjQ1ar5z8LV9t_lsRhscu&_nc_ohc=v5C4KlxtNtsAX-A7Txl&_nc_ht=scontent.flhe2-2.fna&tp=27&oh=4caf6beae2d55f802e23948101eac4cf&oe=60CE8D66,https://web.facebook.com/groups/396700827050934/,Electronic Media,Public group  · 3.3K members
https://scontent.flhe2-2.fna.fbcdn.net/v/t1.6435-0/cp0/c0.0.64.64a/p64x64/113736816_148134493565283_22960952077047433_n.jpg?_nc_cat=106&ccb=1-3&_nc_sid=70495d&_nc_eui2=AeFK9GmFWt_LzT9HU6Y2VPQQ0E3oojmkdJ7QTeiiOaR0nnxOQDxK2obIxQu27utzXECQ_ZeP_wBj236xPgYyPPqY&_nc_ohc=QNXW_Mhhm1AAX-q87Fc&tn=FGCUm-Y2EbdIMPs3&_nc_ht=scontent.flhe2-2.fna&tp=27&oh=b983a713b3ba4797fda3a709eeeeb802&oe=60CE5840,https://web.facebook.com/groups/990269581484410/,Washing machine refrigerator and microwave oven service,Public group  · 533 members
https://scontent.flhe2-2.fna.fbcdn.net/v/t31.18172-0/cp0/c11.0.64.64a/p64x64/16300212_986557108154555_8789212895153085879_o.jpg?_nc_cat=100&ccb=1-3&_nc_sid=70495d&_nc_eui2=AeE9xdezU2PNjwVgN1WrYbImWR3pAU3Xr-xZHekBTdev7BegW6KfthUyRw2KP6PSD_0LKXmOsh4ztkv5xfZ7rHBK&_nc_ohc=z6fcBMt72dMAX-wh2bQ&tn=FGCUm-Y2EbdIMPs3&_nc_ht=scontent.flhe2-2.fna&tp=27&oh=dbf20c57bcb5673b422e35196879fbb8&oe=60F03631,https://web.facebook.com/groups/1652973245004151/,microwave cooking class,Public group  · 2.4K members
https://scontent.flhe2-1.fna.fbcdn.net/v/t1.6435-0/cp0/c40.0.64.64a/p64x64/116335977_3213581685390733_4128432855929578672_n.jpg?_nc_cat=104&ccb=1-3&_nc_sid=70495d&_nc_eui2=AeEcGc7Bo9okYuGxCoUlUJRtxXdPYxsCMtHFd09jGwIy0YUr3QpNoe_XpAGTLQsx4Bv_-EpbAJlAKGmZZxNxxjkQ&_nc_ohc=nww7IIcp_3kAX-CtSy9&_nc_ht=scontent.flhe2-1.fna&tp=27&oh=c8c68323d6cf345d017251d9dfdf312d&oe=60CE7398,https://web.facebook.com/groups/800370880478649/,"Washing machine,Refrigerator and microwave oven service",Private group  · 233 members
https://scontent.flhe2-1.fna.fbcdn.net/v/t1.18169-0/cp0/c16.0.64.64a/p64x64/14595681_1141983472503363_248775165396153140_n.jpg?_nc_cat=110&ccb=1-3&_nc_sid=70495d&_nc_eui2=AeEf0qd6D29GQ_L0t2IssiACySIzBlmmQirJIjMGWaZCKseYQUduWVEIwbIiBZqBiNkfBWGa-r4xpTFKHMZUee9X&_nc_ohc=Rsm64Lvy80AAX-UzPCQ&_nc_ht=scontent.flhe2-1.fna&tp=27&oh=716ed680b56adcc43512d1af9fcb60ea&oe=60CF4FE8,https://web.facebook.com/groups/1448103202150242/,Microwave Repair Centre,Public group  · 2.4K members
https://scontent.flhe2-2.fna.fbcdn.net/v/t1.30497-1/cp0/p60x60/116687302_959241714549285_318408173653384421_n.jpg?_nc_cat=1&ccb=1-3&_nc_sid=70495d&_nc_eui2=AeGEz7421Id3wm48GQHTE5A3U2VttAho9CNTZW20CGj0IzzgtQoYk9eg0fOiab25BlhI88RAuxuT-HEr76A5JMB4&_nc_ohc=GRaiw5YYRngAX_DlJ9X&_nc_ht=scontent.flhe2-2.fna&tp=27&oh=cc064a31c0a954f2aee4d47ac10ed155&oe=60CE4811,https://web.facebook.com/groups/305680056134069/,Television sales or wants,Public group  · 246 members
https://scontent.flhe2-2.fna.fbcdn.net/v/t1.30497-1/cp0/p60x60/116687302_959241714549285_318408173653384421_n.jpg?_nc_cat=1&ccb=1-3&_nc_sid=70495d&_nc_eui2=AeGEz7421Id3wm48GQHTE5A3U2VttAho9CNTZW20CGj0IzzgtQoYk9eg0fOiab25BlhI88RAuxuT-HEr76A5JMB4&_nc_ohc=GRaiw5YYRngAX_DlJ9X&_nc_ht=scontent.flhe2-2.fna&tp=27&oh=cc064a31c0a954f2aee4d47ac10ed155&oe=60CE4811,https://web.facebook.com/groups/265624580717425/,Television and Electronic Parts for Sale,Private group  · 12 members
https://scontent.flhe2-1.fna.fbcdn.net/v/t1.6435-0/cp0/c0.6.64.64a/p64x64/118748040_10156913196651618_4691785489852747547_n.jpg?_nc_cat=104&ccb=1-3&_nc_sid=70495d&_nc_eui2=AeETdk_P6IHqyWbpmFSy_TEHr9x3Nu8JqxWv3Hc27wmrFZLC18iNylnluBhyHLCLX0JV4lyE4ZVDnGxWx_yYTZZI&_nc_ohc=Yo2w8Nff-ocAX904Id9&_nc_ht=scontent.flhe2-1.fna&tp=27&oh=5a129664ec454b0961b5403fffd6d2ea&oe=60CE7EFA,https://web.facebook.com/groups/1226021011090410/,"Official Television Series Prop Auction Group. Buying, Selling & flaunting.",Private group  · 25 members
https://scontent.flhe2-2.fna.fbcdn.net/v/t1.30497-1/cp0/p60x60/116687302_959241714549285_318408173653384421_n.jpg?_nc_cat=1&ccb=1-3&_nc_sid=70495d&_nc_eui2=AeGEz7421Id3wm48GQHTE5A3U2VttAho9CNTZW20CGj0IzzgtQoYk9eg0fOiab25BlhI88RAuxuT-HEr76A5JMB4&_nc_ohc=GRaiw5YYRngAX_DlJ9X&_nc_ht=scontent.flhe2-2.fna&tp=27&oh=cc064a31c0a954f2aee4d47ac10ed155&oe=60CE4811,https://web.facebook.com/groups/41397240966/,Magnasonic Television & Yamaha DVD Player For Sale!!!,Public group  · 17 members
https://scontent.flhe2-1.fna.fbcdn.net/v/t1.18169-0/cp0/c0.1.64.64a/p64x64/10420187_10152611883350575_1534216442331631721_n.jpg?_nc_cat=107&ccb=1-3&_nc_sid=70495d&_nc_eui2=AeGyIFMGkq64gt0tQTKwvsdgOc7THEvQAX05ztMcS9ABfSwsAkfWV8EekhzJXjdDVFZgdKqavi0ssO4Hw7Q0FoEz&_nc_ohc=-WKXbSl7AJAAX-0MsWt&_nc_ht=scontent.flhe2-1.fna&tp=27&oh=d306a5af4620b7fa1dc0c3628ed7f1a6&oe=60CE5CE5,https://web.facebook.com/groups/747590738615509/,BBC television & Radio Memorabilia for Sale,Public group  · 57 members
https://scontent.flhe2-2.fna.fbcdn.net/v/t1.30497-1/cp0/p60x60/116687302_959241714549285_318408173653384421_n.jpg?_nc_cat=1&ccb=1-3&_nc_sid=70495d&_nc_eui2=AeGEz7421Id3wm48GQHTE5A3U2VttAho9CNTZW20CGj0IzzgtQoYk9eg0fOiab25BlhI88RAuxuT-HEr76A5JMB4&_nc_ohc=GRaiw5YYRngAX_DlJ9X&_nc_ht=scontent.flhe2-2.fna&tp=27&oh=cc064a31c0a954f2aee4d47ac10ed155&oe=60CE4811,https://web.facebook.com/groups/487348722192125/,Sabon Tasha & Television New and Second Hand used things for sale,Public group  · 28 members
https://scontent.flhe2-1.fna.fbcdn.net/v/t1.6435-0/cp0/c0.1.64.64a/p64x64/137675454_402402461067500_5733772295891298641_n.jpg?_nc_cat=110&ccb=1-3&_nc_sid=70495d&_nc_eui2=AeFfyemPw6xmj5DVPHTv54tu8QJMQ27_vY7xAkxDbv-9jqrnds7YSUm_vjFdagQFxPO7DjioqQDAnVGqkGyD0DMN&_nc_ohc=NMmGvLa7S6YAX8d-IFI&_nc_oc=AQnfNTD6BKdJNRVDvVK_beGeNdOO2vf58aJFDQZVAdwGQeGMlt8vzlyo8KR5XECfHA0&_nc_ht=scontent.flhe2-1.fna&tp=27&oh=49e0bdd6548c9e4baf02a3e970e3f03f&oe=60CE2237,https://web.facebook.com/groups/156528106005543/,TELEVISIONS FOR SALE IN ZIMBABWE,Public group  · 588 members
https://scontent.flhe2-1.fna.fbcdn.net/v/t1.6435-0/cp0/c0.5.64.64a/p64x64/69096377_474268790019561_738585227877679104_n.jpg?_nc_cat=102&ccb=1-3&_nc_sid=70495d&_nc_eui2=AeF81Ko1S5qpLKHdkYRijV2ceNE99ZtwDx540T31m3APHnVte4Bt7uugKLL_Rvs9syZLz3c4C17MLCCjUBgxlzTN&_nc_ohc=WbBOUryyhAEAX_-lcAC&_nc_ht=scontent.flhe2-1.fna&tp=27&oh=14230a5cb5f63729577a80463f02d756&oe=60CF07FA,https://web.facebook.com/groups/852361378497144/,HISENSE and SAMSUNG TV FOR Sale,Private group  · 16K members
https://scontent.flhe2-2.fna.fbcdn.net/v/t31.18172-0/cp0/c25.0.64.64a/p64x64/15874790_10210189537886403_513477638003168502_o.jpg?_nc_cat=106&ccb=1-3&_nc_sid=70495d&_nc_eui2=AeEQcnitQkQlJi2aqUPCFBN54CJj_b15o6TgImP9vXmjpG0oonJ84QKs6TVF_SnJ64hQP3rzHSJMYb_L0xt4zvM1&_nc_ohc=lReVKs76w0gAX_6rhCG&_nc_ht=scontent.flhe2-2.fna&tp=27&oh=51e5d7b16673efb0e6a79a7cdb974874&oe=60F0C3D2,https://web.facebook.com/groups/693109574192500/,SALE & BUY Agricultural Products  زرعی اجناس ادویات مشینری کی خرید و فروخت,Public group  · 4.3K members
https://scontent.flhe2-1.fna.fbcdn.net/v/t1.6435-0/cp0/c0.0.64.64a/p64x64/126269839_10214459810809531_6985885070533598003_n.jpg?_nc_cat=109&ccb=1-3&_nc_sid=70495d&_nc_eui2=AeGjoVIlzlGs3lpqaa5XvQPtOwBQPtLzxxQ7AFA-0vPHFH-M3bZJtEShxjiKiItE_ahmqi2TzWRKwKmZiHVNkCD1&_nc_ohc=CePtPzI6iBUAX-MpvoV&tn=FGCUm-Y2EbdIMPs3&_nc_ht=scontent.flhe2-1.fna&tp=27&oh=cb21bbb7f7575fdf241ece4fb35804ba&oe=60CED795,https://web.facebook.com/groups/1504054963223134/,LCD/LED/PLASMA TV PARTS FOR SALE WORLDWIDE,Private group  · 25K members
https://scontent.flhe2-2.fna.fbcdn.net/v/t31.18172-0/cp0/c11.0.64.64a/p64x64/12593476_808006765993424_2781965138779898969_o.jpg?_nc_cat=111&ccb=1-3&_nc_sid=70495d&_nc_eui2=AeEhfoYNV4kTXEQilcdsg1Xi-uTBbavXNGP65MFtq9c0Y6O_HydvoWmqjEmSuUpvUC01TKgTDW3WEXQl7bswbQRz&_nc_ohc=LegTpKJhaTsAX9l_cHd&_nc_oc=AQlBhYqj7t5C8jz3SEtNb9zJvAlOj3xu7R2OrAOrCH6Qr8d1Sm4fYlWvbfXeb0C0_TQ&_nc_ht=scontent.flhe2-2.fna&tp=27&oh=2b48d60d8de4ed148a52d9553ad14f32&oe=60F0D9F0,https://web.facebook.com/groups/950523715013153/,"TV , televisions & TV Stuff For Sale In Clacton & Colchester + Ipswich",Private group  · 9.2K members
https://scontent.flhe2-2.fna.fbcdn.net/v/t31.18172-0/cp0/c22.0.64.64a/p64x64/12493575_10208151642887824_4767287884716525068_o.jpg?_nc_cat=106&ccb=1-3&_nc_sid=70495d&_nc_eui2=AeH9Ud1EbKaf4FsmpRHQpHmpw6Ra-A_oyAbDpFr4D-jIBjdlLDAKN71kxU3IWZ5YmflMEXHtgysdoVgn5F4rX4At&_nc_ohc=UzEaOY6RKCYAX-IxfHe&_nc_ht=scontent.flhe2-2.fna&tp=27&oh=86a2ab58412bd1c292a8e0748260eca7&oe=60EF0B00,https://web.facebook.com/groups/980282752042087/,CHESTER TV TELEVISIONS And Accessories FOR SALE SWAP FREE,Private group  · 1.8K members
https://scontent.flhe2-1.fna.fbcdn.net/v/t1.18169-0/cp0/c0.0.64.64a/p64x64/11960265_788341511278799_5777946416377529163_n.jpg?_nc_cat=105&ccb=1-3&_nc_sid=70495d&_nc_eui2=AeEbw-Q9sqVyzw46Cv45T9G29Jqu5rGfFub0mq7msZ8W5vXtdfYsr0TPzzZs_M8VXMT80ovh6QIYDvbj7_w9gzl4&_nc_ohc=tDXhBmhPLpkAX8qpZ7A&_nc_ht=scontent.flhe2-1.fna&tp=27&oh=ee7800dfa8c5d44a2dc6dbbe09fe9266&oe=60CE7F7F,https://web.facebook.com/groups/1446410322345571/,Television's (Tv's) & HIFI Equipment for sale in cornwall,Public group  · 791 members
https://scontent.flhe2-1.fna.fbcdn.net/v/t31.18172-0/cp0/c36.0.64.64a/p64x64/13558908_10157060173945335_7182920073663656697_o.jpg?_nc_cat=105&ccb=1-3&_nc_sid=70495d&_nc_eui2=AeHQXTLIyUOddD6floRzZiaB32rFJSrAQWHfasUlKsBBYQCtI1Vsx4SvPpHGPrv8IHBAbjjJvc8fqh4DqFND8YPe&_nc_ohc=NmSVW3oeVp0AX9iWfpG&_nc_ht=scontent.flhe2-1.fna&tp=27&oh=751bfd690bb4a8e42ead99479aaab628&oe=60EFE58B,https://web.facebook.com/groups/477191039158384/,Toronto Film and Television Garage Sale and Trade,Private group  · 1.2K members
https://scontent.flhe2-2.fna.fbcdn.net/v/t1.6435-0/cp0/c0.2.64.64a/p64x64/173736665_264950368610252_4710227313635089810_n.jpg?_nc_cat=103&ccb=1-3&_nc_sid=70495d&_nc_eui2=AeG0a64wF7I313PFEWcb1smBoY0PREYFje-hjQ9ERgWN7-xVEA3rp7YLGWqDmcWtilD2iTlRzF8PgfalK7aLSxAb&_nc_ohc=3cSuOf3-cHAAX9jpaI7&_nc_ht=scontent.flhe2-2.fna&tp=27&oh=fc2fbbe194ada08b482beb5f281b57e1&oe=60CF632A,https://web.facebook.com/groups/227479789125699/,kyapiri mo sales and marketing agency,Public group  · 29 members
https://scontent.flhe2-1.fna.fbcdn.net/v/t1.6435-0/cp0/c29.0.64.64a/p64x64/188300294_768840523831549_6093662716532379833_n.jpg?_nc_cat=104&ccb=1-3&_nc_sid=70495d&_nc_eui2=AeH9zjbzqHA92EP5QM6gmEyYN0vyIcc4_TU3S_Ihxzj9NevypuwDEs1fO_nEF5fMEjZEMexcImcbmIjQG927_0DY&_nc_ohc=ohxQc4NGZ80AX-oRYsv&_nc_ht=scontent.flhe2-1.fna&tp=27&oh=2221a837f2dfd6bf785447176131bc28&oe=60CE93B6,https://web.facebook.com/groups/NABSMTE/,Sales and Management Television Exchange,Private group  · 305 members
https://scontent.flhe2-1.fna.fbcdn.net/v/t1.6435-0/cp0/c25.0.64.64a/p64x64/50095577_1712599848842064_383610703463841792_n.jpg?_nc_cat=107&ccb=1-3&_nc_sid=70495d&_nc_eui2=AeEWlBprYAn2f6VQup6WgML23UxzpUSp5C3dTHOlRKnkLT7TDBlD1reUuevQaKBMzcZ6B7Hg7pAp1zWIwZmY5Ep3&_nc_ohc=nHoPZL224nwAX8SxYMj&tn=FGCUm-Y2EbdIMPs3&_nc_ht=scontent.flhe2-1.fna&tp=27&oh=b25fb34ee922926aec86b21ff662b079&oe=60CE029B,https://web.facebook.com/groups/2261501787408648/,> TV For Sale,Public group  · 10K members
https://scontent.flhe2-1.fna.fbcdn.net/v/t31.18172-0/cp0/c25.0.64.64a/p64x64/13131414_1408138032545851_2997831902645666189_o.jpg?_nc_cat=105&ccb=1-3&_nc_sid=70495d&_nc_eui2=AeExHVt6GBinIpHpqL0nnHGquTMc1uQDQqe5MxzW5ANCp7CZrnO9QUrYozlAcfiAXcv1Kzxz01F0BwHRgyIwV34V&_nc_ohc=Y7bn3f2Z0isAX_YG2kp&_nc_ht=scontent.flhe2-1.fna&tp=27&oh=67bd11061883fb9c9c54422a2c4bc1d5&oe=60F00D16,https://web.facebook.com/groups/426698727369399/,Dubuque Garage Sale !,Public group  · 9.2K members
https://scontent.flhe2-2.fna.fbcdn.net/v/t1.18169-0/cp0/c54.0.64.64a/p64x64/14063979_1287086437998595_1757269355142943934_n.jpg?_nc_cat=106&ccb=1-3&_nc_sid=70495d&_nc_eui2=AeHalRBlfmnb4tjceXQbnfCR-qyiG50TbOv6rKIbnRNs6w99MjOLBcJzUC3sT58T0bJqUVIU3Zin0g2VBRWGwjxl&_nc_ohc=JxwTUVJ6_f4AX-hpcPi&tn=FGCUm-Y2EbdIMPs3&_nc_ht=scontent.flhe2-2.fna&tp=27&oh=f3a01a218c4fca4468e29ea1abf5aefe&oe=60CF192C,https://web.facebook.com/groups/1403804586587693/,Atlanta Set Stuff For Sale!,Public group  · 194 members
https://scontent.flhe2-2.fna.fbcdn.net/v/t1.18169-0/cp0/c54.0.64.64a/p64x64/17308799_104834383385552_190806053361269413_n.jpg?_nc_cat=101&ccb=1-3&_nc_sid=70495d&_nc_eui2=AeH3wtD_zF4txGyUzgXpq7etjjFzxXV7zXGOMXPFdXvNcZjDRRIn0Ob1OW7OaF0sUPp1_UNz3tGUFeVezMcIjd_2&_nc_ohc=gGGJGqxL__AAX8HXs71&_nc_ht=scontent.flhe2-2.fna&tp=27&oh=3755035e581f3112e7d270be437609d4&oe=60CF286B,https://web.facebook.com/groups/319221274763425/,"""Property Show"" (Property Sale & Purchase Show) in Kerala Express TV",Public group  · 4.6K members
https://scontent.flhe2-1.fna.fbcdn.net/v/t1.18169-0/cp0/c54.0.64.64a/p64x64/10371429_10153129257543217_5535488035743558125_n.jpg?_nc_cat=107&ccb=1-3&_nc_sid=70495d&_nc_eui2=AeGMev5uR4OEwRFwLtXqkMngukP1RRQVR4O6Q_VFFBVHg_EQJSe-B6QHDfbN-aMc19C5VfkarjJxBqaY9BTIX6Xj&_nc_ohc=VRivSUY2q9MAX85RHnt&_nc_ht=scontent.flhe2-1.fna&tp=27&oh=60094edb0affff44bf5f4d12febda148&oe=60CEC519,https://web.facebook.com/groups/329027547308441/,LANCASHIRE TELEVISION SALES,Private group  · 71 members
https://scontent.flhe2-2.fna.fbcdn.net/v/t1.18169-0/cp0/p64x64/76044_10201146925891200_1324110247_n.jpg?_nc_cat=101&ccb=1-3&_nc_sid=70495d&_nc_eui2=AeEmjkzOwwEtb7rdYnbQWi-KqSVzdaYy6pqpJXN1pjLqmpmJtJlMeuOHtBp-vVgu1mWi_HGtg9lTuxnyeqg4X2a3&_nc_ohc=gvblgJx7R2oAX8eJw8k&_nc_ht=scontent.flhe2-2.fna&tp=27&oh=4872c154b753a47f080eb51193645cc9&oe=60CEC99C,https://web.facebook.com/groups/167136566805575/,TELEVISIONS FOR SALE : from prestatyn-llandudno and surrounding areas,Public group  · 232 members
https://scontent.flhe2-1.fna.fbcdn.net/v/t31.18172-0/cp0/c25.0.64.64a/p64x64/16700611_1798696110457255_5002482012175821611_o.jpg?_nc_cat=109&ccb=1-3&_nc_sid=70495d&_nc_eui2=AeFULm_umuHK30AaogSeB-CdLPvhjqxsg7Ys--GOrGyDtul52QUHp8kulk6BYxMm3BLaEd-lyP0T59890WsZ6IYF&_nc_ohc=VRwhGvucQHsAX9d7oXw&_nc_ht=scontent.flhe2-1.fna&tp=27&oh=9b640411f278567e36a175f98089692f&oe=60EF76B6,https://web.facebook.com/groups/288173284931117/,Televisions and tv parts for sale coventry,Private group  · 44 members
https://scontent.flhe2-1.fna.fbcdn.net/v/t1.6435-0/cp0/c12.0.64.64a/p64x64/67667728_10206083202556968_6745567663914745856_n.jpg?_nc_cat=110&ccb=1-3&_nc_sid=70495d&_nc_eui2=AeHHmH1BAIyqY3kHqm0YKrH57KiKrrEn6LjsqIqusSfouEnn8cKanFB6FMFsI-opFIp6xN2dLH1hm1oA38O0D-XB&_nc_ohc=ZtwLBnJhsU0AX_vkYNB&_nc_ht=scontent.flhe2-1.fna&tp=27&oh=0761f3852168822da6176eb4891beb66&oe=60CF1E9D,https://web.facebook.com/groups/241931259167503/,televisions for sale and wanted cumbria,Private group  · 527 members
https://scontent.flhe2-2.fna.fbcdn.net/v/t1.30497-1/cp0/p60x60/116687302_959241714549285_318408173653384421_n.jpg?_nc_cat=1&ccb=1-3&_nc_sid=70495d&_nc_eui2=AeGEz7421Id3wm48GQHTE5A3U2VttAho9CNTZW20CGj0IzzgtQoYk9eg0fOiab25BlhI88RAuxuT-HEr76A5JMB4&_nc_ohc=GRaiw5YYRngAX_DlJ9X&_nc_ht=scontent.flhe2-2.fna&tp=27&oh=cc064a31c0a954f2aee4d47ac10ed155&oe=60CE4811,https://web.facebook.com/groups/27004102077/,BenSale,Public group  · 1 member
https://scontent.flhe2-2.fna.fbcdn.net/v/t1.30497-1/cp0/p60x60/116687302_959241714549285_318408173653384421_n.jpg?_nc_cat=1&ccb=1-3&_nc_sid=70495d&_nc_eui2=AeGEz7421Id3wm48GQHTE5A3U2VttAho9CNTZW20CGj0IzzgtQoYk9eg0fOiab25BlhI88RAuxuT-HEr76A5JMB4&_nc_ohc=GRaiw5YYRngAX_DlJ9X&_nc_ht=scontent.flhe2-2.fna&tp=27&oh=cc064a31c0a954f2aee4d47ac10ed155&oe=60CE4811,https://web.facebook.com/groups/1417204451831360/,Televisions for sale in and around stoke on trent,Private group  · 465 members
https://scontent.flhe2-2.fna.fbcdn.net/v/t1.6435-0/cp0/c0.22.64.64a/p64x64/94121932_3209721612586326_6504019751159726080_n.jpg?_nc_cat=108&ccb=1-3&_nc_sid=70495d&_nc_eui2=AeG_cantA5Jg3HUDdztRvvak7Yl7eHbu9pftiXt4du72l6jMIt1ck5wWkaA68QxjfXHc0x45RREYroDEmM3LKzXY&_nc_ohc=xiCHQM0XujUAX_Rel-j&_nc_ht=scontent.flhe2-2.fna&tp=27&oh=724de6daa84536fc47d1fea3c59e04c2&oe=60CE9E9B,https://web.facebook.com/groups/836168069767634/,"Televisions,computers,phones,tablets,etc for sale in essex",Public group  · 1.2K members
https://scontent.flhe2-2.fna.fbcdn.net/v/t1.30497-1/cp0/p60x60/116687302_959241714549285_318408173653384421_n.jpg?_nc_cat=1&ccb=1-3&_nc_sid=70495d&_nc_eui2=AeGEz7421Id3wm48GQHTE5A3U2VttAho9CNTZW20CGj0IzzgtQoYk9eg0fOiab25BlhI88RAuxuT-HEr76A5JMB4&_nc_ohc=GRaiw5YYRngAX_DlJ9X&_nc_ht=scontent.flhe2-2.fna&tp=27&oh=cc064a31c0a954f2aee4d47ac10ed155&oe=60CE4811,https://web.facebook.com/groups/284014888369258/,Televisions for sale in colchester and surrounding areas,Public group  · 2 members
https://scontent.flhe2-2.fna.fbcdn.net/v/t31.18172-0/cp0/c0.0.64.64a/p64x64/11254428_10155559859535117_4455554453601281551_o.jpg?_nc_cat=108&ccb=1-3&_nc_sid=70495d&_nc_eui2=AeEJ-KzxBMWqtu919sljhcr2JM1X9B2bxBgkzVf0HZvEGDtc_bfxwPhLtirSEMWDR2WN6s3fsm5QGFnEpM5z3vBw&_nc_ohc=xmIQqWqNDHAAX94N3UX&_nc_ht=scontent.flhe2-2.fna&tp=27&oh=b74d7f2dcd5a9c62c3b9222d32c36864&oe=60F02B46,https://web.facebook.com/groups/653773241420537/,India Today Television Ad Sales - North,Public group  · 252 members
https://scontent.flhe2-2.fna.fbcdn.net/v/t1.30497-1/cp0/p60x60/116687302_959241714549285_318408173653384421_n.jpg?_nc_cat=1&ccb=1-3&_nc_sid=70495d&_nc_eui2=AeGEz7421Id3wm48GQHTE5A3U2VttAho9CNTZW20CGj0IzzgtQoYk9eg0fOiab25BlhI88RAuxuT-HEr76A5JMB4&_nc_ohc=GRaiw5YYRngAX_DlJ9X&_nc_ht=scontent.flhe2-2.fna&tp=27&oh=cc064a31c0a954f2aee4d47ac10ed155&oe=60CE4811,https://web.facebook.com/groups/440059529469603/,TELEVISIONS FOR SALE OR SWAP IN TAMESIDE,Public group  · 258 members
https://scontent.flhe2-1.fna.fbcdn.net/v/t1.6435-0/cp0/c24.0.64.64a/p64x64/150069305_3826149037454623_7854843788580578689_n.jpg?_nc_cat=102&ccb=1-3&_nc_sid=70495d&_nc_eui2=AeF_y9tzFznl4U7fWRc2v5hg0ssYgEThcE3SyxiAROFwTS4BSr1uox1ae3hr6SLslJTwntEs4lPypNI5zfRy3kLl&_nc_ohc=n-rJx1cFe8cAX8ezNvR&_nc_ht=scontent.flhe2-1.fna&tp=27&oh=2e043c68408da509e4fcef72fcbcdb67&oe=60CE0DCC,https://web.facebook.com/groups/872312173587842/,AIR CONDITIONER BUY AND SELL,Public group  · 1.1K members
https://scontent.flhe2-2.fna.fbcdn.net/v/t1.6435-0/cp0/c29.0.64.64a/p64x64/144651269_919772682103730_5765929840944588371_n.png?_nc_cat=108&ccb=1-3&_nc_sid=70495d&_nc_eui2=AeGI1zbIz7wn-XA5NhNQjyDImiaQp2fZqAKaJpCnZ9moAiNxKOBKhnwrc7YVsBmrW2TzXf66DzPJFmQqZ0yhouyf&_nc_ohc=nPLDbGJGBbcAX8ZwSVl&_nc_ht=scontent.flhe2-2.fna&tp=30&oh=423144cb7c37e783ce91df565fde051f&oe=60CEB64E,https://web.facebook.com/groups/pakistanichristianmarketplace/,Buy and Sell group for Pakistani Christians,Private group  · 24K members
https://scontent.flhe2-2.fna.fbcdn.net/v/t1.6435-0/cp0/c25.0.64.64a/p64x64/194619810_4268773753181532_2501576411547534036_n.jpg?_nc_cat=100&ccb=1-3&_nc_sid=70495d&_nc_eui2=AeET2iIlnX--75E7QOKvPJYPR9y80nnFH05H3LzSecUfTjB9V0tQDx4cHy8t2MSRE1Bjbq6X76EpkxyIer82LBWV&_nc_ohc=f1-oNPNwyGgAX_iyuBs&_nc_ht=scontent.flhe2-2.fna&tp=27&oh=70289fd3bf8c859cc47bc4e1fe98b28b&oe=60CF6BB3,https://web.facebook.com/groups/1593353570892385/,buying and selling lahore,Private group  · 248K members
https://scontent.flhe2-1.fna.fbcdn.net/v/t1.6435-0/cp0/c29.0.64.64a/p64x64/35970589_1718785188200045_2733011900899000320_n.jpg?_nc_cat=107&ccb=1-3&_nc_sid=70495d&_nc_eui2=AeHoPdadIqMH84KVshHFWbgXuy2xA7e2du67LbEDt7Z27vpR2U72NPgPB1G8CO5V_TDbxhzWk2MuUw3igbb63-Er&_nc_ohc=KQxWjRiaQi8AX9fcaeq&_nc_ht=scontent.flhe2-1.fna&tp=27&oh=a18df71d47359398bf09f913f2a8d78c&oe=60CEA864,https://web.facebook.com/groups/554261358110801/,Buy And Sell Sialkot,Public group  · 72K members
https://scontent.flhe2-1.fna.fbcdn.net/v/t1.6435-0/cp0/c29.0.64.64a/p64x64/130970612_822141955030002_226448119710896015_n.jpg?_nc_cat=105&ccb=1-3&_nc_sid=70495d&_nc_eui2=AeG4gf-HX88z4TEYAHCcLLhJsuE8Y0SzUB2y4TxjRLNQHVr5veEaL6DHUHHyN6lS1n1JYDgGR5IXMy4_kmPWGzzx&_nc_ohc=F2UsvCRWT-cAX9aq1rL&_nc_ht=scontent.flhe2-1.fna&tp=27&oh=505b15480b6bb381ce0cafdd8dc2b3c2&oe=60CDD689,https://web.facebook.com/groups/3936693703089033/,Adsense buy and sell,Public group  · 7.1K members
https://scontent.flhe2-2.fna.fbcdn.net/v/t1.6435-0/cp0/c15.0.64.64a/p64x64/121623932_3300955730020249_5958697450113897092_n.jpg?_nc_cat=103&ccb=1-3&_nc_sid=70495d&_nc_eui2=AeGI1cLmYYZZRq-pGXk_PB6FwRui6VPT0OHBG6LpU9PQ4fA15G63yrvI9ALHhs-rCce4pOzQq8LR6_Yoi79xeBN7&_nc_ohc=TTsEDvFT-soAX8a24I_&_nc_oc=AQkLiqjaS7ExABk0pYZxXNgDNKkuD9l88PfwreaRSXLKB9RRuWxF9eWbGD6tkglDKiE&_nc_ht=scontent.flhe2-2.fna&tp=27&oh=ce9cdf878f8060a83a744441cf95c214&oe=60CE4F20,https://web.facebook.com/groups/2162108080726872/,Lahore Bazar Buy & Sell,Private group  · 180K members
https://scontent.flhe2-1.fna.fbcdn.net/v/t1.6435-0/cp0/c35.0.64.64a/p64x64/170526518_10158195671846485_3511137339440695723_n.jpg?_nc_cat=102&ccb=1-3&_nc_sid=70495d&_nc_eui2=AeGYjhjq13zIzZeRCo2T2hLVIVOt10xPmCchU63XTE-YJ8l4KJ6wnCj5mfPln_7wZnQPqbt1CQKlzqFmgJowsVlB&_nc_ohc=_40zWJyNHtQAX82_KhY&tn=FGCUm-Y2EbdIMPs3&_nc_ht=scontent.flhe2-1.fna&tp=27&oh=0251daae2510c51e0015eab9e3074b56&oe=60CF2677,https://web.facebook.com/groups/LahoreBuySell/,Lahore Buy & Sell,Public group  · 494K members
https://scontent.flhe2-2.fna.fbcdn.net/v/t1.6435-0/cp0/c37.0.64.64a/p64x64/197023051_1927622477389806_8186585717389876454_n.jpg?_nc_cat=106&ccb=1-3&_nc_sid=70495d&_nc_eui2=AeGR3thb2E-mU1R5OZC2YSo7uckPyuZn-7q5yQ_K5mf7upPNbi0BDf0XPMzKjtcGdI_QKfErB3ZmRsQ_Ki2qh4ly&_nc_ohc=3xsjZuqAv8MAX_VrVb9&tn=FGCUm-Y2EbdIMPs3&_nc_ht=scontent.flhe2-2.fna&tp=27&oh=e7e41c506c47fcfa01d63d18fbde49ad&oe=60CF5447,https://web.facebook.com/groups/1617335261900713/,pakistan Bigest Whole Sale Gruop,Public group  · 110K members
https://scontent.flhe2-1.fna.fbcdn.net/v/t1.6435-0/cp0/c53.0.64.64a/p64x64/123027833_2711504979165554_1011244429749060140_n.jpg?_nc_cat=110&ccb=1-3&_nc_sid=70495d&_nc_eui2=AeHSylTFHFtxfVZXjd1Hbuk0siNJZlqS9hSyI0lmWpL2FFINvvfg1tVMdWAeysjRGw4NjR37BIEROYf1IJrOsFF-&_nc_ohc=Pv-oAugO1NoAX_FsET1&tn=FGCUm-Y2EbdIMPs3&_nc_ht=scontent.flhe2-1.fna&tp=27&oh=0a31fe0888e68cdb2fd814a505e7b9ef&oe=60CE65B4,https://web.facebook.com/groups/1550363291907363/,Lahore Buy And Sell,Public group  · 106K members
https://scontent.flhe2-2.fna.fbcdn.net/v/t1.6435-0/cp0/c56.0.64.64a/p64x64/132008973_231736988322727_7687844854766370276_n.jpg?_nc_cat=103&ccb=1-3&_nc_sid=70495d&_nc_eui2=AeEy-PbZtuOLaMk4dACnp7slpQQVmdBZ6-OlBBWZ0Fnr48OIlVch75V-rQ9uvrVYUWP5wBO-LXpPS-TAShgR_pXk&_nc_ohc=D2-jLr5gIF4AX8QAJQ_&tn=FGCUm-Y2EbdIMPs3&_nc_ht=scontent.flhe2-2.fna&tp=27&oh=7c8c9274cd5bce1b064c41ecf76a0748&oe=60CF263B,https://web.facebook.com/groups/898240953615795/,buy and sell Pakistan,Public group  · 111K members
https://scontent.flhe2-2.fna.fbcdn.net/v/t1.6435-0/cp0/p64x64/65433102_2215879745115007_2611461882585808896_n.jpg?_nc_cat=103&ccb=1-3&_nc_sid=70495d&_nc_eui2=AeGf8Mm1uzF2cX6bq4LDqvYgOu3z8FA9fck67fPwUD19yf3wr4trhDOaoIu8y1rDifU4VGkUJmKrrBY5V-zF0FFs&_nc_ohc=gFcc-bQQ9P8AX8elNDz&_nc_ht=scontent.flhe2-2.fna&tp=27&oh=c5363e0b12075b9f74cbbe07842e0e95&oe=60CE5B5C,https://web.facebook.com/groups/2146496522284233/,Beauty care Products🤩🤗 (Lahore buy and sell),Public group  · 73K members
https://scontent.flhe2-1.fna.fbcdn.net/v/t1.6435-0/cp0/c0.7.64.64a/p64x64/139270679_2844061135923690_1704990531071304713_n.jpg?_nc_cat=104&ccb=1-3&_nc_sid=70495d&_nc_eui2=AeFacB1cJmzk9arK1Xq81xf677kVskExxn3vuRWyQTHGfbPXfgfNvEj1VmLvZSKh9qIVrQWxxfSXqmkkzj2025Ql&_nc_ohc=4mmS7aSWOCMAX-5xBHj&tn=FGCUm-Y2EbdIMPs3&_nc_ht=scontent.flhe2-1.fna&tp=27&oh=d73b8bc72d9dc6e58cb6699557c5811d&oe=60CF7059,https://web.facebook.com/groups/1591220904406172/,iPhone sell and buy,Public group  · 18K members
https://scontent.flhe2-2.fna.fbcdn.net/v/t1.6435-0/cp0/c0.0.64.64a/p64x64/185183315_2368508033284246_4634750189632500534_n.jpg?_nc_cat=103&ccb=1-3&_nc_sid=70495d&_nc_eui2=AeF1ZeZVgPcnWDBShMb1UmwQuxby9P-Qeg67FvL0_5B6DlG5AvPwan74Sa-OQXeGZtu2uUsKv0aPNzn5XCNIOMf0&_nc_ohc=Bxeo6rZ7q6cAX8XYjP_&tn=FGCUm-Y2EbdIMPs3&_nc_ht=scontent.flhe2-2.fna&tp=27&oh=50867bfdbb18ba77bd1503262d981205&oe=60CF7D6B,https://web.facebook.com/groups/163337894326197/,JEEP lovers (buy sale public group),Public group  · 128K members
https://scontent.flhe2-2.fna.fbcdn.net/v/t1.6435-0/cp0/c16.0.64.64a/p64x64/178483155_128058736009671_1615425543021832754_n.jpg?_nc_cat=108&ccb=1-3&_nc_sid=70495d&_nc_eui2=AeEDiHDtzOVR4XfgwFJdV9PjbmUnMd7svvVuZScx3uy-9WWnOL0z8d9xB_uKqgSrPQ_CT-KeI95pilUsaYB_fbEp&_nc_ohc=HX_TUuutAgYAX8Ug1CU&_nc_ht=scontent.flhe2-2.fna&tp=27&oh=e71cb0595e877bee007431aa9a644202&oe=60CE9388,https://web.facebook.com/groups/3943183775756151/,Facebook-Marketplace App For Buying And Selling,Public group  · 1.4M members
https://scontent.flhe2-2.fna.fbcdn.net/v/t1.18169-0/cp0/c23.0.64.64a/p64x64/15492183_10202545634597900_8000641980843205482_n.jpg?_nc_cat=101&ccb=1-3&_nc_sid=70495d&_nc_eui2=AeHjqLWOGuV4iTR9J9lOv71lMMpalw9NBGkwylqXD00EaWcbEWYLNYcrjiUa9HLAJdmY-nS_K9UibGS8NyzIfDdc&_nc_ohc=EjAaui729moAX_Dc6Jz&tn=FGCUm-Y2EbdIMPs3&_nc_ht=scontent.flhe2-2.fna&tp=27&oh=ec9dce48291e2a94e268b6aa6b10e216&oe=60CE6D76,https://web.facebook.com/groups/1825998640946915/,Buy n Sell Lahore (bech de yaar),Public group  · 49K members
https://scontent.flhe2-2.fna.fbcdn.net/v/t1.6435-0/cp0/c22.0.64.64a/p64x64/117376780_10157746979097987_531689117206083642_n.jpg?_nc_cat=103&ccb=1-3&_nc_sid=70495d&_nc_eui2=AeGCYh1dD32_-hPbKa_Kz6q-RmTWl66zXmpGZNaXrrNeav7mgUriKMQlSvDaQHUh19XGxhG2RqKxILbWQ_cJKbtt&_nc_ohc=l3t8l6kwb0AAX8PMmSm&_nc_oc=AQk0-V70RxRkZMb-r67q_ePm9qSUQQQRyn6S9dQE4eEGvUY57i8p59vnVn1OfEh4400&_nc_ht=scontent.flhe2-2.fna&tp=27&oh=8c7f5ea28a12fa7220d9970ad154d19d&oe=60CE6340,https://web.facebook.com/groups/652239838976662/,Lahore buy sell لاھور خرید وفروخت,Private group  · 8.8K members
https://scontent.flhe2-1.fna.fbcdn.net/v/t1.6435-0/cp0/c41.0.64.64a/p64x64/65627509_2403640913240859_7189924709775966208_n.jpg?_nc_cat=109&ccb=1-3&_nc_sid=70495d&_nc_eui2=AeF4KRU3zAbcG2AW7jw86ZvvujBspXK4nEy6MGylcricTIWV-U9fefXqFxCvR3Wf_otC7clpk7k1NvDkcIhKzXAS&_nc_ohc=i1xgsnebUNAAX-RCti7&_nc_ht=scontent.flhe2-1.fna&tp=27&oh=1f78ac3c7aa1d9454473b132938bd18c&oe=60CDB493,https://web.facebook.com/groups/304144089948794/,Gujranwala # Buy & Sell,Private group  · 44K members
https://scontent.flhe2-1.fna.fbcdn.net/v/t1.6435-0/cp0/c1.0.64.64a/p64x64/36524086_2120049158280182_1732729346398879744_n.jpg?_nc_cat=110&ccb=1-3&_nc_sid=70495d&_nc_eui2=AeFg7ekA4hPZ53kXttjooTUAeUbovqSoL115Rui-pKgvXaK60Y6LGuMYJbakEug8B58wCg5YQI6bt5TDWRz7D1hu&_nc_ohc=IL34yQuTbRoAX-cAVY3&tn=FGCUm-Y2EbdIMPs3&_nc_ht=scontent.flhe2-1.fna&tp=27&oh=c86b8742fbdd21cb2b832f7ebf57872d&oe=60CE2BB0,https://web.facebook.com/groups/168032190537393/,Sale and purchase Lahore,Public group  · 125K members
https://scontent.flhe2-1.fna.fbcdn.net/v/t1.18169-0/cp0/c53.0.64.64a/p64x64/14520372_1064522633665700_7870900135510550479_n.jpg?_nc_cat=102&ccb=1-3&_nc_sid=70495d&_nc_eui2=AeHrlGKkyeJvY5heFIo-6xzsqSzT9sIxLB2pLNP2wjEsHak6gjbp09vdo5-wNAIFJeA8Xg3R3kWSy5-SNpOZNzEl&_nc_ohc=kdL2ShqKAy0AX_5Xk8R&_nc_ht=scontent.flhe2-1.fna&tp=27&oh=5d5b86a0131e777ba9e143b3eeda9ef1&oe=60CD9936,https://web.facebook.com/groups/612274958951412/,Sialkot Sale And Purchase,Private group  · 36K members
https://scontent.flhe2-2.fna.fbcdn.net/v/t1.6435-0/cp0/c19.0.64.64a/p64x64/116752089_10157434216782314_3232469107858622754_n.jpg?_nc_cat=100&ccb=1-3&_nc_sid=70495d&_nc_eui2=AeHMJ1uB8r03N5OPqi9oP8TgNhEXP8msOxQ2ERc_yaw7FFpauEnKbZVwXY6nDltbq9d1LYU-WYc4fQQefsb8tTla&_nc_ohc=nSAevRIs6WQAX_lGySX&_nc_ht=scontent.flhe2-2.fna&tp=27&oh=4c3fc24a4aa9383d25bf0c78794dc38f&oe=60CF396C,https://web.facebook.com/groups/1845103752373925/,Daska Buy And Sell,Private group  · 14K members
https://scontent.flhe2-1.fna.fbcdn.net/v/t1.18169-0/cp0/c42.0.64.64a/p64x64/25348287_1689275691112263_8031421686526264285_n.jpg?_nc_cat=110&ccb=1-3&_nc_sid=70495d&_nc_eui2=AeHTD79tOlimPHcKOlFM8E520GwpiYQULArQbCmJhBQsCrpoPh4Luuk6ID_BJ4rqRIm_3kTkopq2_p0zwH9_zm3d&_nc_ohc=9w2IWGTODs4AX-A0ZjD&_nc_ht=scontent.flhe2-1.fna&tp=27&oh=1d600e7952701d020a2907d781b3c343&oe=60CDBC1E,https://web.facebook.com/groups/1879711998962798/,Pakistan largest buying & selling group,Public group  · 87K members
https://scontent.flhe2-2.fna.fbcdn.net/v/t1.6435-0/cp0/c66.0.64.64a/p64x64/71196214_1129530023921095_465604682866229248_n.jpg?_nc_cat=108&ccb=1-3&_nc_sid=70495d&_nc_eui2=AeHIt2dO0tb9iz2wB9qq3jrXMmoKWYuXNQEyagpZi5c1AeQtFMC4_02qJjMGSQrz7-Hlp7_3jLkocTC3dgUURlPP&_nc_ohc=oIwHe-ij6OcAX_q7dm7&_nc_ht=scontent.flhe2-2.fna&tp=27&oh=344335b0d78d8ef56c1b5386dc4784a1&oe=60CF0095,https://web.facebook.com/groups/675875089251863/,"Pakistan Buy And Sell (Mirpur, Bhimber,Jahlam,Gujrat, Lahore, Rawalpindi",Private group  · 27K members
https://scontent.flhe2-2.fna.fbcdn.net/v/t1.6435-0/cp0/c19.0.64.64a/p64x64/127489258_2825619881053137_8594769850272502017_n.jpg?_nc_cat=111&ccb=1-3&_nc_sid=70495d&_nc_eui2=AeE-GzOKrCaaKCDNatpZyRrQhJo61EzDEiyEmjrUTMMSLAQeQphHUQ796pl-z27PAW2MI7yneTdMM3fAG0W6D-18&_nc_ohc=MNIKCThzPD0AX8jW3w0&_nc_ht=scontent.flhe2-2.fna&tp=27&oh=b622598378e2401e7308deccd4d42219&oe=60CE4CC6,https://web.facebook.com/groups/193062319101913/,Buy and Sell Online United States of America (USA),Public group  · 110K members